,FID,HUC12,FREQUENCY,SUM_Length_km,Unnamed: 0,FP_Areakm2,Line_Density
0,-1,101800010104,4,4.319233983755112,3,2.0333399772644043,2.124206493773895
1,-1,101800010105,1,3.5482699871063232,4,2.0668001174926762,1.7167939739672946
2,-1,101800010106,3,12.18340015411377,5,4.092599868774413,2.9769341115094794
3,-1,101800010108,4,14.184924781322481,7,7.459559917449951,1.9015766262752394
4,-1,101800010201,1,2.688420057296753,8,1.6584500074386597,1.621043772943628
5,-1,101800010202,3,3.577993929386139,9,3.64274001121521,0.9822259942708698
6,-1,101800010203,1,6.755489826202393,10,7.070380210876465,0.9554634439333727
7,-1,101800010204,3,4.9478450417518625,11,2.6201601028442383,1.8883750792101879
8,-1,101800010302,1,1.212010025978088,13,1.000040054321289,1.2119614816835107
9,-1,101800010303,6,20.001697897911075,14,5.244309902191162,3.8139809185483156
10,-1,101800010304,2,2.907401017844677,15,1.2039599418640137,2.4148652432267266
11,-1,101800010305,5,14.413409948348999,16,3.304539918899536,4.361699450478689
12,-1,101800010306,9,18.54142591357231,17,9.170350074768066,2.021888560676486
13,-1,101800010404,1,1.5512399673461907,21,2.5053200721740723,0.6191783575182281
14,-1,101800010405,2,7.740410089492798,22,5.190969944000244,1.4911298221711364
15,-1,101800010407,8,15.942690700292587,24,5.217339992523193,3.055712436440707
16,-1,101800010408,5,14.503227189183235,25,8.91769027709961,1.6263434520065285
17,-1,101800010501,2,0.7135750055313109,27,1.3792799711227417,0.5173532716134903
18,-1,101800010504,2,1.0244180262088778,30,0.5617309808731079,1.8236808384978298
19,-1,101800010505,8,26.498849987983704,31,9.366700172424316,2.8290485977117803
20,-1,101800010506,4,5.931370973587036,32,9.35595989227295,0.6339671227626502
21,-1,101800010507,4,9.187105372548103,33,9.898550033569336,0.9281263762259642
22,-1,101800010601,2,4.7679370641708365,34,1.4949100017547607,3.1894475644514513
23,-1,101800010602,2,3.503570079803467,35,2.2950398921966557,1.5265835211474639
24,-1,101800010603,3,3.579336911439896,36,2.0596299171447754,1.7378543988144535
25,-1,101800010604,5,11.996728271245955,37,2.5012800693511963,4.796235502871044
26,-1,101800010605,8,20.544648036360737,38,6.419610023498535,3.200295338993877
27,-1,101800010701,2,7.745230197906494,39,5.193419933319092,1.4913545019180745
28,-1,101800010702,4,10.516997754573822,40,1.3200500011444092,7.967120749559619
29,-1,101800010703,5,10.170467048883436,41,8.580719947814941,1.1852696639369193
30,-1,101800020102,1,1.1586500406265259,43,0.3850379884243012,3.0091837051406096
31,-1,101800020107,3,1.7940793121233582,44,1.9450900554656985,0.9223631096575706
32,-1,101800100101,2,3.029434010386467,49,1.85001003742218,1.6375230129063012
33,-1,101800100102,1,0.611010015010834,50,0.4483410120010376,1.3628242758425586
34,-1,101800100105,3,6.908030837774278,53,3.949579954147339,1.7490545622504376
35,-1,101800100106,2,4.079665064811707,54,1.1939300298690796,3.4170051533581605
36,-1,101800100107,1,2.46045994758606,55,2.663100004196167,0.923908206116626
37,-1,101800100202,1,0.152101993560791,56,0.8816750049591064,0.17251480727623184
38,-1,101900010105,1,7.616230010986327,63,3.8241100311279297,1.991634641522044
39,-1,101900010106,2,5.492493867874146,64,6.688889980316162,0.8211368230060997
40,-1,101900010108,6,23.149922281503677,66,11.739800453186035,1.9719178680946896
41,-1,101900010205,1,1.788849949836731,71,26.17910003662109,0.06833122404262816
42,-1,101900010208,2,7.134610056877136,74,6.3800902366638175,1.1182616220500137
43,-1,101900010209,3,12.346830368041992,75,10.29740047454834,1.1990240059672481
44,-1,101900010306,1,5.909780025482178,82,15.458700180053713,0.3822947567808799
45,-1,101900010401,1,1.9559199810028083,84,1.6341199874877932,1.196925559921541
46,-1,101900010402,1,4.662300109863281,85,6.137849807739258,0.7595982723436071
47,-1,101900020608,2,7.333280086517334,135,5.171689987182617,1.4179659076031135
48,-1,101900020701,1,0.522140026092529,136,1.058459997177124,0.4933016150681729
49,-1,101900020702,1,0.20630900561809498,137,1.408650040626526,0.14645866586305198
50,-1,101900020703,4,7.507670044898987,138,11.952500343322756,0.6281254824722204
51,-1,101900020901,2,7.592129945755005,148,6.004889965057372,1.264324573794662
52,-1,101900020902,4,6.111665010452271,149,1.149880051612854,5.315045688356693
53,-1,101900020903,5,10.348159968852995,150,1.878350019454956,5.50917553260693
54,-1,101900020904,1,1.4483499526977541,151,13.14050006866455,0.1102203070757982
55,-1,101900030203,2,6.510569930076599,162,2.183350086212158,2.9819175455144853
56,-1,101900030204,5,13.802503228187561,163,10.054100036621094,1.3728233435029757
57,-1,101900030304,3,13.076620101928713,167,10.98169994354248,1.1907646511156134
58,-1,101900030401,8,19.80837821960449,168,9.062959671020508,2.185641218612421
59,-1,101900030402,8,27.186238169670105,169,18.640899658203125,1.4584187817193959
60,-1,101900030403,6,6.274506896734238,170,6.701260089874268,0.9363174705329134
61,-1,101900030404,8,12.98552618175745,171,10.415399551391602,1.2467621734225696
62,-1,101900030405,5,14.29047179222107,172,14.28159999847412,1.00062120446924
63,-1,101900030406,1,10.689800262451172,173,6.0970401763916025,1.7532769923090277
64,-1,101900030407,2,3.680282115936279,174,3.2663400173187256,1.1267296412568064
65,-1,101900030408,5,19.63522034883499,175,8.148699760437013,2.4096139170774844
66,-1,101900030409,5,27.227079510688785,176,24.72450065612793,1.1012185802806334
67,-1,101900030501,3,6.3622864284552625,177,7.707640171051025,0.8254519265638852
68,-1,101900030502,17,43.65524791553617,178,4.45251989364624,9.804616028292731
69,-1,101900030503,2,9.536430120468141,179,6.366889953613281,1.4978160750298677
70,-1,101900030504,4,14.877275003120305,180,20.191699981689453,0.7368015083728237
71,-1,101900030505,5,36.19754352420569,181,11.815400123596193,3.0635901573842284
72,-1,101900030602,3,10.495980262756348,183,18.489500045776367,0.567672475554794
73,-1,101900030603,8,31.48062628507614,184,25.85709953308105,1.2174848244212566
74,-1,101900030604,3,23.025039672851566,185,14.32800006866455,1.60699606103489
75,-1,101900030605,1,2.050529956817627,186,5.151100158691406,0.39807611843030966
76,-1,101900030606,11,31.876015141606327,187,23.30010032653809,1.3680634286926454
77,-1,101900030607,7,24.849690198898315,188,31.19750022888184,0.7965282479874177
78,-1,101900030803,3,12.851760268211365,198,11.379400253295898,1.129388191129758
79,-1,101900030806,5,14.558693304657936,201,26.57099914550781,0.5479166675265684
80,-1,101900030905,2,3.4115689098834987,206,8.353690147399902,0.4083906452940865
81,-1,101900030908,2,7.022910118103027,209,15.573599815368652,0.45094969701048426
82,-1,101900030910,4,3.063098967075348,211,7.925610065460205,0.38648115940302535
83,-1,101900031001,1,3.3486299514770512,212,4.792379856109619,0.6987405113991565
84,-1,101900031002,2,11.5103497505188,213,15.305100440979006,0.752059732956743
85,-1,101900031007,6,22.52847826480865,218,13.51449966430664,1.666985743046705
86,-1,101900031102,3,17.929920315742493,220,22.496299743652344,0.797016421369549
87,-1,101900031103,2,17.789509773254395,221,30.049299240112305,0.5920108030175785
88,-1,101900031105,4,5.7119200229644775,223,4.341909885406493,1.315531683916955
89,-1,101900031201,1,0.041085500270128,224,9.778800010681152,0.004201486913041608
90,-1,101900031202,2,5.201560020446777,225,5.094580173492432,1.0209987561901512
91,-1,101900031203,6,17.485618948936462,226,21.583999633789066,0.8101194980360953
92,-1,101900031205,1,7.587739944458008,227,8.108909606933594,0.9357287616044018
93,-1,101900040303,7,6.331621050834656,242,2.537559986114502,2.4951611333254036
94,-1,101900040304,5,12.732300043106079,243,5.461170196533203,2.3314234101674125
95,-1,101900040402,4,7.303410194814205,245,1.2251399755477903,5.961286335097074
96,-1,101900040403,4,15.973044812679293,246,9.01196002960205,1.772427392066965
97,-1,101900040404,3,5.395394146442413,247,4.337800025939941,1.2438088695140588
98,-1,101900050304,13,23.30249398946762,258,9.063949584960938,2.570898455584034
99,-1,101900050403,2,0.142031699419022,261,0.6631209850311279,0.21418670593323902
100,-1,101900050406,7,20.898230075836185,264,9.574999809265137,2.1825828190214955
101,-1,101900050504,8,24.793552756309513,268,10.736200332641602,2.3093414791198437
102,-1,101900050601,1,0.777915000915527,269,5.907959938049316,0.1316723554446407
103,-1,101900050602,2,4.63415002822876,270,2.239650011062622,2.069140269836199
104,-1,101900050603,2,9.324599742889404,271,4.098289966583252,2.2752415809814774
105,-1,101900050604,8,12.418376997113226,272,3.5949099063873287,3.4544334407514983
106,-1,101900050605,2,13.034539699554445,273,6.8332200050354,1.90752525016746
107,-1,101900050701,14,18.67731035500765,274,7.511360168457031,2.486541709641425
108,-1,101900050702,1,2.643330097198486,275,1.2713299989700315,2.0791848688695937
109,-1,101900050703,4,16.215330362319946,276,10.831700325012207,1.4970253862060823
110,-1,101900050704,3,6.6855527833104125,277,7.778279781341553,0.8595155961537458
111,-1,101900050705,1,6.973130226135254,278,8.139039993286133,0.8567509475180569
112,-1,101900050706,1,2.131409883499146,279,7.192959785461426,0.29631889334446165
113,-1,101900050707,8,20.073767006397244,280,19.10059928894043,1.0509495907817037
114,-1,101900050708,2,6.0121099948883066,281,2.0846700668334956,2.883962354781822
115,-1,101900050709,1,1.2699300050735471,282,6.309730052947997,0.20126534644381774
116,-1,101900060303,2,0.791059993207455,296,0.9020289778709412,0.8769784703309574
117,-1,101900060304,4,2.2177462130784993,297,1.9650000333786009,1.1286240078405134
118,-1,101900060502,3,25.962419986724854,303,3.853650093078613,6.737098428670242
119,-1,101900060503,2,8.038349866867065,304,6.143680095672607,1.3083932987541127
120,-1,101900060602,7,10.806344881653787,307,1.4456299543380735,7.4751805254352295
121,-1,101900060603,5,17.439069867134098,308,2.7249701023101807,6.399728882291064
122,-1,101900060604,9,27.364781141281128,309,7.946420192718506,3.4436614824819016
123,-1,101900060605,6,20.314936637878414,310,16.292699813842773,1.2468735611649966
124,-1,101900060606,1,7.9937500953674325,311,8.755009651184082,0.9130486902760077
125,-1,101900060607,2,9.753159761428831,312,4.617819786071777,2.1120702438077417
126,-1,101900070603,3,4.277419090270996,342,1.5130599737167358,2.8269990380908614
127,-1,101900070702,1,4.0463600158691415,344,1.2693500518798828,3.1877416398073652
128,-1,101900070703,2,2.9936699867248535,345,0.5315009951591492,5.632482373487275
129,-1,101900070801,4,3.8919149935245514,347,0.8164809942245483,4.766693923133988
130,-1,101900070802,1,0.038204699754715,348,6.820730209350586,0.005601262413566793
131,-1,101900070803,3,4.450944051146506,349,3.0871400833129883,1.4417693823501334
132,-1,101900070804,14,24.53914545476437,350,11.721500396728516,2.0935157295744555
133,-1,101900070805,22,71.06360559165478,351,20.0132999420166,3.5508189952453284
134,-1,101900070903,3,0.8899459987878799,354,6.320149898529053,0.1408109005444642
135,-1,101900070904,4,19.153250455856323,355,4.587080001831055,4.1754777436213875
136,-1,101900070905,25,41.248483791947365,356,33.90069961547852,1.2167443226780477
137,-1,101900071001,3,13.767580270767212,357,9.894189834594727,1.3914813138746638
138,-1,101900071002,9,25.59658166766167,358,16.82200050354004,1.5216134170412787
139,-1,101900071003,12,25.093676798045635,359,14.099300384521484,1.7797816993525448
140,-1,101900071005,4,8.609150126576424,361,12.9931001663208,0.6625939934560082
141,-1,101900071006,8,19.97610136121511,362,4.896560192108153,4.079619279144335
142,-1,101900071007,10,26.169131755828857,363,3.6632900238037114,7.14361450657314
143,-1,101900071008,10,23.300492368638515,364,30.032400131225586,0.7758451627851181
144,-1,101900080201,2,2.291225969791412,367,9.948829650878906,0.2303010555205354
145,-1,101900080202,6,2.254995696246624,368,16.979700088500973,0.1328053902302878
146,-1,101900080203,8,9.323051854968073,369,14.92020034790039,0.6248610365530405
147,-1,101900080204,7,12.662372946739195,370,19.769699096679688,0.6404939642640204
148,-1,101900080304,3,5.3185521364212045,374,40.69179916381836,0.13070329269565117
149,-1,101900080306,10,15.113025717437267,376,15.716699600219727,0.9615902894285757
150,-1,101900090601,1,0.986899971961975,397,5.784130096435548,0.17062202189576425
151,-1,101900090602,1,2.650749921798706,398,26.80529975891113,0.09888902364979124
152,-1,101900100404,2,3.336099982261658,418,31.573299407958984,0.10566206398501056
153,-1,101900110208,1,3.301549911499023,435,8.090689659118652,0.4080677977529387
154,-1,101900110209,1,3.546760082244873,436,20.171499252319336,0.17583026615322425
155,-1,101900110504,5,13.240398049354553,454,22.285600662231445,0.5941234544238126
156,-1,101900120105,2,3.828962922096252,459,7.690839767456055,0.4978601866467933
157,-1,101900120106,1,3.0606400966644287,460,13.067999839782715,0.2342087644772514
158,-1,101900120107,7,23.269615709781647,461,29.40959930419922,0.7912251870245345
159,-1,101900120201,12,24.709804713726047,462,15.03909969329834,1.6430374967683157
160,-1,101900120206,18,51.75626224651933,467,47.669898986816406,1.0857220876602454
161,-1,101900120304,5,10.325695775449276,471,3.8160500526428223,2.705859627888835
162,-1,101900120402,14,58.84253654628992,473,38.99850082397461,1.508840988834013
163,-1,101900120605,6,26.557488918304443,480,36.34980010986328,0.730608939747601
164,-1,101900120606,2,1.820491969585419,481,2.6915700435638428,0.6763680454605407
165,-1,101900120607,5,14.047499895095825,482,21.233999252319336,0.6615569553418653
166,-1,101900120701,14,20.705769050866362,483,10.913800239562988,1.8972098257586822
167,-1,101900120702,3,12.407729864120483,484,15.65310001373291,0.7926691743638531
168,-1,101900120705,8,27.03004390001297,487,20.14240074157715,1.3419474791909298
169,-1,101900120708,1,0.06831140071153599,490,5.4856600761413565,0.01245272214526034
170,-1,101900120709,8,26.80331200361252,491,22.590200424194336,1.186501735279245
171,-1,101900120808,1,0.085542902350426,499,14.700200080871582,0.005819165853513615
172,-1,101900120809,11,22.076470859348774,500,11.070699691772461,1.9941351020257192
173,-1,101900120901,4,5.815059125423431,501,1.852550029754639,3.138948493711453
174,-1,101900120903,1,6.758580207824707,502,1.9997500181198118,3.3797125373596457
175,-1,101900120904,25,69.63991791009903,503,38.76599884033203,1.796417479062757
176,-1,101900120905,8,17.877188026905056,504,19.100400924682614,0.9359587841846371
177,-1,101900121001,7,20.38675370812416,505,14.503499984741213,1.4056437225202592
178,-1,101900121002,9,12.890903174877169,506,2.68956995010376,4.792923558050555
179,-1,101900121003,2,3.9692698717117314,507,3.7286798954010014,1.064524170231796
180,-1,101900121004,8,11.945647690445185,508,3.522910118103028,3.3908465700162473
181,-1,101900121005,24,53.5050021559,509,27.10090065002441,1.974288708956682
182,-1,101900121101,8,8.463436990976334,510,4.420440196990967,1.9146140686933104
183,-1,101900121102,3,2.79989605396986,511,3.8284599781036377,0.7313374228759055
184,-1,101900121103,4,5.726827919483185,512,5.72652006149292,1.0000537600474562
185,-1,101900121105,17,32.46853845193982,514,23.49160003662109,1.3821339713482508
186,-1,101900121201,7,17.55305027961731,515,10.88599967956543,1.6124426599577146
187,-1,101900121202,2,3.6762299537658687,516,1.258810043334961,2.920400876391521
188,-1,101900121203,5,11.41260451823473,517,7.82528018951416,1.4584275887689706
189,-1,101900121206,6,6.485907971858977,520,13.453700065612793,0.4820910188444546
190,-1,101900121207,19,48.39954683929682,521,51.40179824829102,0.9415924829226374
191,-1,101900121302,6,13.056397080421448,523,7.886340141296388,1.6555711326794467
192,-1,101900121303,4,14.110973238945007,524,4.1442599296569815,3.4049440620180804
193,-1,101900121304,3,5.021853983402252,525,19.321800231933594,0.25990611242851563
194,-1,101900130408,1,1.373039960861206,553,12.343899726867676,0.11123226786042774
195,-1,101900130409,4,8.794560328125954,554,25.04850006103516,0.3511012757928192
196,-1,101900140407,7,21.052031304687265,576,15.81630039215088,1.3310338563836779
197,-1,101900160707,3,3.141260981559753,580,3.421319961547852,0.918143002368771
198,-1,101900180101,6,18.130109906196594,586,12.201700210571287,1.4858675097171345
199,-1,101900180102,2,0.5446620136499399,587,3.96970009803772,0.13720482661125313
200,-1,101900180103,2,2.881729125976563,588,3.7074799537658687,0.7772743647742315
201,-1,101900180105,1,0.762898981571198,589,5.417109966278076,0.14083136327678458
202,-1,102500020906,4,8.02452003955841,686,7.221710205078125,1.1111661658641148
203,-1,102500030905,1,1.214619994163513,747,6.6163201332092285,0.1835793869868816
204,-1,102500031002,1,1.658139944076538,749,8.274350166320799,0.20039518641907225
205,-1,110200010206,2,9.373700141906738,829,8.289360046386719,1.1308110746127715
206,-1,110200010304,3,0.872771024703979,836,5.4409499168396,0.16040784018297527
207,-1,110200010406,2,1.4269769787788391,842,3.431879997253418,0.41580037178481444
208,-1,110200010502,4,14.070289254188538,844,2.5457699298858643,5.526928843416481
209,-1,110200010609,1,1.216189980506897,853,2.902980089187622,0.41894534000997535
210,-1,110200010704,1,0.369002014398575,858,1.7366399765014648,0.21248043313038623
211,-1,110200010705,3,5.503046005964278,859,2.252239942550659,2.443365780882158
212,-1,110200010708,1,0.34364399313926697,862,0.8785340189933777,0.39115615981839097
213,-1,110200010709,5,25.61906635761261,863,2.7020199298858643,9.48144981250926
214,-1,110200010710,1,0.7208600044250492,864,2.9047200679779053,0.24816849388411785
215,-1,110200011210,3,5.6372999995946875,901,3.099869966506958,1.818560152685048
216,-1,110200011307,3,1.4168898612260818,911,1.3589500188827517,1.0426357419612569
217,-1,110200011409,2,1.360520005226135,920,1.850950002670288,0.7350387656410868
218,-1,110200020207,1,0.40872600674629206,932,1.7338500022888184,0.23573319849280017
219,-1,110200020208,3,3.757323026657105,933,2.9233200550079346,1.2852930763501045
220,-1,110200020305,2,3.088469982147217,938,4.1834797859191895,0.7382538317843507
221,-1,110200020401,4,9.880454897880554,939,3.2388699054718018,3.050587144975581
222,-1,110200020402,3,1.3636459931731222,940,0.7194629907608032,1.8953664200727285
223,-1,110200020404,4,1.195941023528576,942,2.6802499294281006,0.4462050387158336
224,-1,110200020407,5,13.793401122093199,945,8.85319995880127,1.558013055875995
225,-1,110200020601,1,3.604180097579956,954,1.3344299793243408,2.7009136136201417
226,-1,110200020602,2,3.1991300582885738,955,2.5916900634765625,1.2343798756542574
227,-1,110200020603,2,3.90349592268467,956,7.812779903411865,0.4996295775566391
228,-1,110200020801,2,3.0290799736976624,961,1.1102499961853027,2.728286407660661
229,-1,110200020802,2,2.8324700593948364,962,2.35044002532959,1.2050807631212177
230,-1,110200020803,2,3.557510137557983,963,3.470190048217773,1.025162912730113
231,-1,110200020805,1,0.154424995183945,965,17.665000915527344,0.008741861714154066
232,-1,110200020902,1,2.410370111465454,967,3.973759889602661,0.6065716546619199
233,-1,110200020903,1,0.429839998483658,968,6.6564998626708975,0.06457447718044212
234,-1,110200020905,8,25.64307934045792,970,20.91699981689453,1.225944426300858
235,-1,110200021007,5,5.744763940572739,977,5.188920021057129,1.1071213118066847
236,-1,110200021104,1,2.717129945755005,981,1.7556699514389038,1.5476314004964955
237,-1,110200021107,2,2.9514879882335663,984,5.687660217285156,0.5189283247377909
238,-1,110200021201,2,3.1038600206375118,985,8.400779724121094,0.36947284925534024
239,-1,110200021202,8,10.819773137569427,986,13.299400329589846,0.8135534587598289
240,-1,110200021203,3,3.9503700733184814,987,11.349100112915039,0.3480778241459905
241,-1,110200021204,4,9.634125113487244,988,8.493579864501951,1.1342832194646317
242,-1,110200030301,1,0.015933400020003,1000,0.9193459749221802,0.017331233784268988
243,-1,110200030302,2,1.7157920598983771,1001,13.437100410461426,0.1276906480926905
244,-1,110200030303,2,3.5753298997879033,1002,3.0422399044036865,1.175229440193905
245,-1,110200030304,2,4.9969000816345215,1003,7.018189907073975,0.7119927143319252
246,-1,110200030305,8,18.883365213871,1004,8.483229637145996,2.2259641694933427
247,-1,110200030306,1,0.6067990064620971,1005,1.3829799890518188,0.43876195698111503
248,-1,110200030307,1,0.41067999601364097,1006,2.601870059967041,0.15784031736728746
249,-1,110200030308,2,3.634806096553803,1007,5.4772300720214835,0.6636212188932761
250,-1,110200030402,15,16.045639388263226,1009,12.99839973449707,1.2344319082355146
251,-1,110200030404,2,1.412523525767028,1011,4.717589855194092,0.29941634799214945
252,-1,110200030405,1,0.08734989911317799,1012,0.019739700481295586,4.425087361175852
253,-1,110200030406,40,35.58008245751262,1013,14.718500137329102,2.4173714798068526
254,-1,110200030407,7,8.952094551175831,1014,7.783520221710205,1.150134424550755
255,-1,110200040301,1,2.520450115203857,1028,4.218329906463623,0.5974995249522436
256,-1,110200040306,2,3.4190399646759033,1033,14.586099624633787,0.23440399096833572
257,-1,110200050206,2,3.107760071754456,1047,2.570669889450073,1.2089300475757623
258,-1,110200050301,11,17.567293047904965,1048,25.100299835205078,0.6998837927531647
259,-1,110200050303,1,3.765729904174805,1049,3.909559965133667,0.9632106778661612
260,-1,110200050304,1,1.610579967498779,1050,4.922289848327637,0.32720136707227404
261,-1,110200050305,6,7.933516934514046,1051,2.611530065536499,3.0378807578017395
262,-1,110200050306,4,15.858919858932495,1052,28.91889953613281,0.5483929234277231
263,-1,110200050307,2,1.027028024196625,1053,0.5665349960327148,1.8128236232335393
264,-1,110200050308,3,7.189465939998628,1054,14.621500015258787,0.49170508720006867
265,-1,110200050405,3,7.572260022163391,1059,8.597009658813478,0.8808016185488945
266,-1,110200050406,13,16.700953662395474,1060,38.95140075683594,0.42876387852276326
267,-1,110200050407,7,17.91500584036112,1061,7.938389778137207,2.2567556319418958
268,-1,110200050504,1,3.987950086593628,1065,2.1899399757385254,1.8210316861532927
269,-1,110200050611,6,56.29205167293549,1076,7.652160167694093,7.356360875794185
270,-1,110200050701,1,5.341040134429932,1077,8.823280334472656,0.6053349697574979
271,-1,110200050703,2,1.2384870052337649,1078,0.5459150075912476,2.26864436407119
272,-1,110200050704,6,12.23191249370575,1079,17.150299072265625,0.713218611650127
273,-1,110200050705,8,31.283854901790615,1080,27.765499114990234,1.1267168211970253
274,-1,110200050805,3,6.544615149497986,1085,3.9220600128173833,1.6686677735960265
275,-1,110200050902,2,8.906599760055544,1087,2.003060102462769,4.446496512563377
276,-1,110200050903,2,6.437809944152832,1088,0.9747040271759032,6.604886985853205
277,-1,110200050904,5,10.444558143615724,1089,17.723800659179688,0.58929562256198
278,-1,110200050906,3,4.324320018291473,1091,13.69909954071045,0.31566454462504107
279,-1,110200060108,1,9.241510391235352,1099,5.0301899909973145,1.837209013531331
280,-1,110200060205,3,2.810577988624573,1104,3.929939985275269,0.715170714859583
281,-1,110200060302,3,3.099777698516846,1108,4.819119930267334,0.6432248508795444
282,-1,110200060406,1,2.009520053863525,1114,4.894700050354004,0.41055019371783336
283,-1,110200060408,2,1.137264013290405,1116,0.8646119832992554,1.3153461150870733
284,-1,110200060409,2,0.517112016677856,1117,2.573740005493164,0.20091851374815548
285,-1,110200060410,3,10.826750040054321,1118,8.583020210266112,1.261414953573626
286,-1,110200060501,1,2.5074400901794434,1119,3.270790100097656,0.7666160204241106
287,-1,110200060601,1,0.476258009672165,1125,8.770950317382812,0.05429947638949537
288,-1,110200060603,1,3.3482298851013184,1127,2.463170051574707,1.3593173897842707
289,-1,110200060801,2,3.507109999656677,1131,3.213429927825928,1.0913914659497306
290,-1,110200060803,4,10.109920263290403,1133,6.801750183105469,1.486370418072974
291,-1,110200060902,4,2.065689146518707,1138,2.5067501068115234,0.8240506865465633
292,-1,110200060904,1,2.712260007858276,1140,3.2929999828338623,0.8236441002116806
293,-1,110200060905,2,7.446161806583405,1141,12.669599533081055,0.5877187978310638
294,-1,110200060906,1,2.742959976196289,1142,7.535019874572754,0.3640282337479327
295,-1,110200060907,8,24.523795507848266,1143,18.37120056152344,1.3349043480158174
296,-1,110200070107,1,3.413569927215576,1150,4.667669773101807,0.7313220714299068
297,-1,110200070305,5,19.596320629119877,1167,8.63955020904541,2.2682107465042542
298,-1,110200070306,2,3.958939909934998,1168,5.6759400367736825,0.6974950200822309
299,-1,110200070402,1,1.015750050544739,1170,2.122900009155273,0.4784728654972864
300,-1,110200070404,5,18.705269038677216,1172,14.608499526977539,1.280437392227324
301,-1,110200070406,6,7.758836939930916,1174,7.2897400856018075,1.064350285307927
302,-1,110200080313,1,2.950589895248413,1200,14.741999626159668,0.2001485531184381
303,-1,110200080401,1,0.015982199460268,1201,5.9601402282714835,0.002681513999361562
304,-1,110200080402,1,2.64264988899231,1202,20.52020072937012,0.12878284787974525
305,-1,110200080403,1,0.511501014232636,1203,10.435400009155273,0.04901594704408855
306,-1,110200080405,2,0.049395900219679,1205,15.514599800109865,0.0031838333476915857
307,-1,110200080406,3,7.527114115655423,1206,21.616600036621094,0.348209899008336
308,-1,110200080501,8,8.010035168379545,1207,4.6424899101257315,1.7253748146891743
309,-1,110200080503,3,18.925519704818726,1209,36.46580123901367,0.5189936615069046
310,-1,110200080504,10,68.62630987167357,1210,23.345800399780273,2.9395569522782123
311,-1,110200090105,2,0.9377659857273101,1215,1.1206200122833252,0.8368278055436116
312,-1,110200090106,1,0.183098003268242,1216,12.589799880981445,0.01454336089526218
313,-1,110200090206,2,1.6189810484647749,1222,14.890700340270994,0.10872430520184058
314,-1,110200090301,2,8.379060029983522,1223,10.706500053405762,0.7826142986211563
315,-1,110200090303,3,3.621178679168224,1225,22.617300033569336,0.16010658539231262
316,-1,110200090304,3,14.505599975585938,1226,18.08580017089844,0.8020435832817978
317,-1,110200090602,1,5.123950004577637,1242,2.7698800563812256,1.8498815473157855
318,-1,110200090701,4,17.956109881401062,1244,37.70009994506836,0.47628812410482596
319,-1,110200090702,5,8.263611137866974,1245,11.14579963684082,0.7414103435479684
320,-1,110200090703,2,8.377169847488402,1246,6.386300086975098,1.3117407158134795
321,-1,110200090704,5,14.172579765319824,1247,66.04419708251953,0.21459235468654064
322,-1,110200090906,4,0.41330280527472496,1258,4.591989994049072,0.09000516242638577
323,-1,110200091001,4,8.286761067807674,1259,7.425059795379639,1.1160531088199779
324,-1,110200091002,4,11.292609930038452,1260,5.103439807891847,2.212744806468729
325,-1,110200091007,4,9.147447168827057,1265,7.737410068511963,1.1822363152307718
326,-1,110200091008,18,49.390682488679886,1266,27.107500076293945,1.822030152159735
327,-1,110200091204,2,1.167199984192848,1277,16.837600708007812,0.06932103952540804
328,-1,110200091205,3,0.83526699244976,1278,9.005149841308594,0.09275436912978477
329,-1,110200091306,6,9.850844025611877,1284,10.697400093078613,0.9208633817468909
330,-1,110200091401,11,80.58171239495276,1285,32.79230117797852,2.457336310666326
331,-1,110200091402,6,17.483521968126293,1286,25.600200653076172,0.6829447239518194
332,-1,110200091403,14,33.33387412130833,1287,6.568379878997803,5.074900467905699
333,-1,110200091405,6,11.03063577413559,1289,8.168020248413086,1.350466262161711
334,-1,110200091406,14,41.74789021536708,1290,49.30799865722656,0.8466758203995474
335,-1,110200091501,4,0.946715286001563,1291,2.7149100303649902,0.3487096350939804
336,-1,110200091502,10,14.85885202884674,1292,20.72610092163086,0.7169149704052272
337,-1,110200091504,2,8.236549854278566,1294,7.6577701568603525,1.0755807089482443
338,-1,110200091505,13,45.34140273928642,1295,32.273300170898445,1.4049199337900924
339,-1,110200091604,1,0.213965997099876,1299,0.1706710010766983,1.253675174751692
340,-1,110200091605,8,5.905142869800329,1300,3.415610074996948,1.7288691449376306
341,-1,110200091701,4,11.1583061455749,1301,6.014599800109862,1.8552034244025815
342,-1,110200091702,14,18.2689886787266,1302,10.960200309753418,1.6668480650366522
343,-1,110200091703,1,2.877120018005371,1303,7.033979892730713,0.4090315954668479
344,-1,110200091704,1,2.593810081481934,1304,3.0053899288177486,0.8630527628414192
345,-1,110200091705,29,60.33985985070467,1305,46.28260040283203,1.3037266559251601
346,-1,110200091804,7,12.300929217599332,1309,8.616669654846191,1.4275734953679045
347,-1,110200091901,5,6.080111984163523,1310,1.8184399604797363,3.343586874630429
348,-1,110200091902,5,9.828700207173824,1311,21.233200073242188,0.46289302475700916
349,-1,110200100503,1,2.1749498844146733,1339,6.084380149841309,0.35746449611163755
350,-1,110200100504,4,9.1462259888649,1340,4.943930149078369,1.8499909410269295
351,-1,110200100601,3,2.003932997584343,1341,3.651319980621338,0.5488242630664589
352,-1,110200100603,2,7.1748900413513175,1343,3.208750009536743,2.236038962221048
353,-1,110200100604,2,9.057359933853148,1344,3.882060050964356,2.333132361412899
354,-1,110200100609,1,3.36736011505127,1349,4.535699844360352,0.7424124678881067
355,-1,110200100707,1,4.329780101776123,1356,3.796220064163208,1.1405503444465164
356,-1,110200101104,1,1.792870044708252,1371,2.5735399723052983,0.6966552157735688
357,-1,110200101805,2,0.694613009691238,1410,0.723505973815918,0.9600653413097716
358,-1,110200101806,1,5.481130123138428,1411,8.663450241088867,0.6326728925091086
359,-1,110200101807,1,6.295070171356201,1412,5.241469860076903,1.2010123761856066
360,-1,110200101904,3,14.680310010910034,1416,15.007200241088867,0.9782177738067473
361,-1,110200110904,5,20.962013777345415,1464,19.27120018005371,1.0877378461898677
362,-1,110300010102,2,1.2382779717445371,1520,1.2086999416351318,1.024470945261561
363,-1,130100010205,1,0.339401006698608,1626,2.6312100887298584,0.12899046265911976
364,-1,130100011203,3,2.041528075933456,1661,0.9263389706611632,2.2038672026033193
365,-1,130100011304,4,11.263149857521055,1665,7.926449775695801,1.4209577019028488
366,-1,130100011305,4,2.176730021834374,1666,1.547659993171692,1.4064652646176499
367,-1,130100011306,2,6.613640069961548,1667,9.232709884643556,0.7163270754301274
368,-1,130100011307,2,2.144777029752731,1668,7.407470226287843,0.2895424435377796
369,-1,130100020202,10,14.962508082389832,1674,13.499699592590332,1.1083585956684845
370,-1,130100020203,4,11.920090079307554,1675,10.477899551391602,1.137641186656004
371,-1,130100020205,5,21.082740187644962,1677,62.43360137939453,0.33768258953267866
372,-1,130100020206,16,44.11216081678867,1678,45.986000061035156,0.9592519627330183
373,-1,130100020207,2,12.2676100730896,1679,41.273399353027344,0.29722800315428316
374,-1,130100020305,3,4.26747989654541,1684,5.660950183868407,0.7538451599002113
375,-1,130100020306,16,50.083403915166855,1685,39.22819900512695,1.2767194310557355
376,-1,130100020406,1,5.1969499588012695,1691,5.738979816436768,0.9055529249147918
377,-1,130100020408,7,11.022572934627533,1693,43.56969833374024,0.252987129958889
378,-1,130100020411,11,32.21873722970486,1696,122.28600311279295,0.2634703597270021
379,-1,130100020505,1,3.088449954986572,1701,2.3628499507904053,1.3070867889657756
380,-1,130100020605,7,15.697890341281893,1706,22.89640045166016,0.685605162017669
381,-1,130100020606,2,0.613517001271248,1707,0.7358350157737732,0.8337697827903708
382,-1,130100020607,3,26.92820930480957,1708,43.146400451660156,0.6241125336742533
383,-1,130100020701,1,1.496559977531433,1711,2.618580102920532,0.5715158286975078
384,-1,130100020705,20,47.1253861784935,1714,71.39540100097656,0.660061930009314
385,-1,130100020706,8,27.300710082054138,1715,27.817800521850586,0.9814115267887452
386,-1,130100020707,10,21.707632690668106,1716,35.39239883422852,0.6133416610821623
387,-1,130100020709,1,3.877219915390015,1718,5.284049987792969,0.7337591287643068
388,-1,130100020710,10,43.97845384478569,1719,116.0250015258789,0.37904290684259523
389,-1,130100020712,3,30.71944123506546,1720,45.51110076904297,0.6749878758362418
390,-1,130100020802,1,1.451939940452576,1722,6.782350063323975,0.21407623123200928
391,-1,130100020903,2,2.602871984243393,1725,2.9233400821685787,0.8903760462629933
392,-1,130100020904,3,4.145842041820289,1726,8.260769844055176,0.501871147615113
393,-1,130100020905,2,0.28848029859364005,1727,3.9984400272369385,0.07214821195980023
394,-1,130100020906,3,11.6877401471138,1728,12.197699546813965,0.9581921658470949
395,-1,130100021002,2,7.766109943389893,1730,35.722599029541016,0.21740047349207883
396,-1,130100021101,1,6.883969783782959,1731,22.904699325561523,0.30054835848032657
397,-1,130100021103,1,7.799789905548097,1733,15.306300163269045,0.5095803572613498
398,-1,130100021104,2,5.527159929275513,1734,3.649379968643189,1.5145476702253253
399,-1,130100030301,2,0.961144000291824,1742,11.68280029296875,0.08227000172812035
400,-1,130100030303,4,7.753814101219177,1744,32.64640045166016,0.2375090054016927
401,-1,130100030401,6,6.634895034134388,1745,4.283060073852538,1.5491015581685303
402,-1,130100030402,2,0.08563959971070301,1746,3.416249990463257,0.025068305876259935
403,-1,130100030403,4,6.43021597713232,1747,16.386199951171875,0.3924165454036497
404,-1,130100030404,4,5.172278940677644,1748,25.369800567626953,0.2038754276719744
405,-1,130100030405,5,23.235234051942825,1749,19.175899505615234,1.2116893940301943
406,-1,130100030408,23,53.9629602059722,1752,138.90800476074222,0.3884798453402238
407,-1,130100030504,12,53.88565909862518,1756,66.44699859619139,0.8109570068935182
408,-1,130100030602,1,2.617840051651001,1758,33.752201080322266,0.07756057287704467
409,-1,130100030603,21,74.25857113301755,1759,54.38259887695313,1.3654840457521364
410,-1,130100030605,1,2.411020040512085,1761,23.868600845336914,0.10101220662806942
411,-1,130100030607,7,41.81668770313264,1763,73.73629760742188,0.5671113014891
412,-1,130100030702,10,29.91677039861679,1764,47.19960021972656,0.6338352498611504
413,-1,130100030703,7,30.39447221159935,1765,119.72699737548828,0.2538648164396547
414,-1,130100040405,2,1.974840044975281,1787,17.640100479125977,0.1119517458141559
415,-1,130100040406,8,21.027957886457447,1788,37.35240173339844,0.5629613334249245
416,-1,130100040504,10,20.52248373627663,1792,48.92940139770508,0.4194305090607381
417,-1,130100040602,3,6.619930028915405,1794,4.679490089416504,1.414669099072899
418,-1,130100040603,4,11.021460175514221,1795,26.45840072631836,0.4165580637136203
419,-1,130100040604,1,1.764780044555664,1796,17.217500686645508,0.10249919989400604
420,-1,130100040605,1,2.265389919281006,1797,29.50029945373535,0.07679209910508757
421,-1,130100040607,3,2.91622006893158,1799,59.64739990234375,0.04889098391054916
422,-1,130100040608,5,12.969585090875626,1800,66.83499908447266,0.19405379320022711
423,-1,130100040609,1,0.033112201839685,1801,0.4257589876651764,0.07777217345726349
424,-1,130100040610,3,2.914108961820602,1802,1.4210799932479858,2.0506297855620255
425,-1,130100040611,22,62.88144467771053,1803,77.79879760742188,0.808257281751508
426,-1,130100040703,2,0.784988697618246,1806,1.1433299779891968,0.6865810507294012
427,-1,130100040704,4,9.907416760921476,1807,17.396299362182614,0.5695128920613407
428,-1,130100040705,2,1.3968839943408968,1808,11.020999908447266,0.1267474826190886
429,-1,130100040706,2,2.776649951934815,1809,46.76319885253906,0.059376818097722016
430,-1,130100050204,1,0.8888369798660279,1820,0.661657989025116,1.3433480659330306
431,-1,130100050303,5,13.1697698533535,1822,7.2629899978637695,1.8132710987110081
432,-1,130100050304,7,33.26338270306587,1823,44.52040100097656,0.7471492159815953
433,-1,130100050406,10,27.339712738990784,1829,15.89490032196045,1.7200304616706619
434,-1,130100050407,4,6.01484801247716,1830,44.66370010375977,0.134669720567348
435,-1,130100050408,3,10.89876800775528,1831,45.20959854125977,0.24107199266122004
436,-1,130201010106,2,5.250592365860938,1832,21.908899307250977,0.23965568932635517
437,-1,130201010107,2,7.999191027134657,1833,4.1473798751831055,1.9287336264999104
438,-1,130201010108,3,6.011554013937713,1834,2.8542299270629883,2.106191220594348
439,-1,130201010109,2,5.743526220321655,1835,2.763099908828736,2.0786531105769197
440,-1,130201010110,1,0.012942699715495,1836,7.886390209197997,0.001641143713685352
441,-1,140100010104,2,3.201695889234543,1845,3.839970111846924,0.8337814607871028
442,-1,140100010203,1,1.5824400186538703,1848,1.91156005859375,0.8278264716505959
443,-1,140100010207,2,6.501129865646362,1852,4.314030170440674,1.5069736670344793
444,-1,140100010305,1,0.18492500483989702,1860,1.37322998046875,0.13466426415826804
445,-1,140100010308,1,2.85578989982605,1863,36.62670135498047,0.07797016368326934
446,-1,140100010404,4,2.273934006690979,1868,4.084060192108153,0.5567826867696569
447,-1,140100010406,2,0.721240997314453,1870,1.4371500015258791,0.501855057961022
448,-1,140100010407,1,2.305360078811646,1871,8.168680191040039,0.28221940691720565
449,-1,140100010503,2,7.3622400760650635,1874,0.7630990147590637,9.647817561905217
450,-1,140100010604,1,4.783899784088135,1879,1.6991000175476074,2.815549252358297
451,-1,140100010605,1,6.778629779815674,1880,3.0228800773620605,2.242440853204834
452,-1,140100010606,2,3.2413100004196167,1881,11.223199844360352,0.28880444484363094
453,-1,140100010902,1,0.471076011657715,1895,0.3958140015602112,1.1901448907841503
454,-1,140100010904,1,0.639846980571747,1897,0.7809990048408508,0.8192673442677852
455,-1,140100010905,1,1.593050003051758,1898,1.6953999996185305,0.93963076761248
456,-1,140100011101,1,0.976368010044098,1906,0.6622229814529419,1.4743795328605331
457,-1,140100011202,2,4.9206360578537,1909,0.4728220105171204,10.40695219004727
458,-1,140100011203,1,5.191349983215332,1910,0.7650790214538574,6.785377506953936
459,-1,140100011301,1,1.22052001953125,1911,1.0815500020980835,1.1284915326740146
460,-1,140100020501,1,1.520789980888367,1940,1.9324300289154053,0.7869832067047337
461,-1,140100020502,1,0.05289790034294099,1941,1.258780002593994,0.04202314958446528
462,-1,140100020503,2,4.650490045547485,1942,3.21960997581482,1.4444265238588527
463,-1,140100030301,1,2.977180004119873,1959,1.37909996509552,2.158784772294346
464,-1,140100030302,2,1.5509050041437151,1960,0.4801259934902191,3.230204207169861
465,-1,140100030303,1,3.7611000537872314,1961,1.8667900562286377,2.0147418512532433
466,-1,140100030304,1,2.174499988555908,1962,0.7052350044250488,3.083369337755285
467,-1,140100030306,1,2.2792599201202393,1964,0.8094919919967651,2.8156670389017853
468,-1,140100030403,2,2.837053917348385,1967,0.3640739917755127,7.792520150952465
469,-1,140100030404,1,1.596529960632324,1968,0.8820480108261108,1.810026144877354
470,-1,140100030405,4,3.373487420380116,1969,2.1881299018859863,1.5417217311789624
471,-1,140100030502,1,0.5639920234680179,1971,0.3922710120677948,1.4377611552151734
472,-1,140100030503,5,10.754238158464432,1972,1.105389952659607,9.728908909104302
473,-1,140100030603,2,2.5225010514259343,1975,2.6937899589538574,0.9364134137635424
474,-1,140100030605,5,9.267445951700212,1977,2.830509901046753,3.274125961641403
475,-1,140100040101,1,2.423500061035156,1979,0.717411994934082,3.378114776653315
476,-1,140100040105,2,1.858554005622864,1983,0.8073920011520386,2.301922737618109
477,-1,140100040106,1,1.967020034790039,1984,1.5259000062942505,1.2890884243241323
478,-1,140100040403,1,3.741480112075806,1992,1.8299100399017332,2.04462516216192
479,-1,140100040601,2,10.377928078174593,2000,0.9731709957122804,10.664033478082452
480,-1,140100040603,1,2.2660000324249268,2002,2.5482099056243896,0.8892517164396185
481,-1,140100040707,1,3.124690055847168,2009,1.0077799558639526,3.1005677754013514
482,-1,140100040708,3,0.925991214811802,2010,1.3833999633789062,0.6693589990779678
483,-1,140100040709,6,13.687059283256533,2011,2.97271990776062,4.604220951837717
484,-1,140100040903,1,2.643379926681519,2016,1.0303800106048584,2.565441778252074
485,-1,140100041002,1,0.331550985574722,2018,0.6932899951934814,0.4782284294787691
486,-1,140100050101,3,8.176772832870482,2020,1.5203800201416016,5.378111212030353
487,-1,140100050102,1,0.8698149919509891,2021,4.573550224304199,0.19018376300509943
488,-1,140100050206,2,5.639819979667664,2027,0.8182680010795593,6.892387301259395
489,-1,140100050303,4,11.512439966201782,2030,0.9358800053596495,12.30119235401088
490,-1,140100050304,2,3.818780064582825,2031,0.9457079768180848,4.038011900281773
491,-1,140100050307,1,2.359390020370483,2034,0.6951760053634644,3.3939462843469466
492,-1,140100050404,3,4.765693843364716,2039,1.6812000274658203,2.834697695400558
493,-1,140100050503,2,0.6718490123748779,2042,1.3436299562454224,0.5000253300784256
494,-1,140100050504,2,1.3931699693202972,2043,1.7640899419784546,0.7897386273615025
495,-1,140100050505,6,9.628177106380463,2044,3.871840000152588,2.486718745093036
496,-1,140100050603,4,5.664677083492278,2047,6.79649019241333,0.8334709420776546
497,-1,140100050604,2,6.944959878921509,2048,11.040300369262695,0.6290553378653514
498,-1,140100050805,3,5.824530005455017,2056,3.4795000553131104,1.6739560031220877
499,-1,140100050902,1,1.656069993972778,2058,1.229200005531311,1.3472746392129702
500,-1,140100050904,1,1.5932899713516242,2060,1.3203500509262085,1.2067178474632176
501,-1,140100050908,4,2.385231018066406,2064,1.0743000507354736,2.2202652009868746
502,-1,140100050909,3,4.661884009838103,2065,2.2306900024414062,2.0898842980135504
503,-1,140100051006,1,7.714399814605713,2071,5.3669400215148935,1.4373925893861985
504,-1,140100051302,2,1.995199978351593,2085,1.5829700231552124,1.2604155158761088
505,-1,140100051304,1,0.5364239811897279,2087,1.1797699928283691,0.45468522207766127
506,-1,140100051305,2,2.299643993377686,2088,0.8444929718971252,2.723106135758137
507,-1,140100051404,3,3.706269025802612,2097,3.990580081939697,0.9287544541647463
508,-1,140100051407,1,0.488940000534058,2100,2.9449999332427983,0.16602377304493735
509,-1,140100051410,2,0.404306992888451,2103,0.7594299912452698,0.5323821781458639
510,-1,140100051412,4,7.02482008934021,2105,3.1492700576782227,2.2306185118081645
511,-1,140100051502,2,8.27652658522129,2107,7.357120037078857,1.1249682679511483
512,-1,140100051503,1,2.3483600616455083,2108,12.093700408935547,0.194180439587407
513,-1,140100051601,2,0.25409309566021,2109,1.1210800409317017,0.22665027150874933
514,-1,140100051603,3,5.994845867156982,2111,1.1939899921417236,5.020851017690448
515,-1,140100051606,10,9.935448974370958,2114,13.41230010986328,0.7407714480728419
516,-1,140100051608,6,7.298676073551178,2116,9.096409797668457,0.8023688725437519
517,-1,140100051613,5,11.03129106760025,2121,1.940529942512512,5.684679646487405
518,-1,140100051615,2,4.846629858016968,2123,20.063400268554688,0.24156572630478182
519,-1,140100051804,1,0.341915011405945,2132,0.056646600365638726,6.035931709916828
520,-1,140100051807,2,4.713760137557983,2135,3.8336501121521,1.2295749480673954
521,-1,140100051901,1,0.9246349930763241,2136,5.3203301429748535,0.17379278507692683
522,-1,140200010207,1,0.423501998186111,2161,1.1550500392913818,0.36665251182184944
523,-1,140200010210,1,3.070810079574585,2164,4.590290069580078,0.6689795270074302
524,-1,140200020102,1,0.939063012599945,2165,0.4650020003318786,2.019481662293328
525,-1,140200020106,6,10.580927789211273,2169,6.946869850158691,1.52312163858512
526,-1,140200020107,1,0.288679987192154,2170,8.428970336914062,0.03424854705300136
527,-1,140200020902,1,0.48044100403785706,2212,0.7023879885673523,0.6840108485024119
528,-1,140200020904,2,4.9194557666778564,2214,1.1998000144958496,4.100229794333674
529,-1,140200021004,5,8.796693965792656,2220,1.6149699687957764,5.446970616024537
530,-1,140200021205,3,6.385240077972412,2229,1.284980058670044,4.96913554018974
531,-1,140200030202,1,5.562419891357422,2237,5.338319778442383,1.041979522062357
532,-1,140200030403,3,5.0019129514694205,2245,8.556440353393555,0.584578720225125
533,-1,140200040403,1,1.1543500423431399,2278,2.156369924545288,0.5353209712320379
534,-1,140200040405,2,0.309292003512383,2280,0.7824450135231018,0.39528912341039685
535,-1,140200040406,1,0.582283973693848,2281,0.5287799835205078,1.1011838417504416
536,-1,140200040407,2,9.246090173721315,2282,1.1717300415039062,7.890973045168349
537,-1,140200040408,2,8.72993016242981,2283,3.104559898376465,2.8119702786198912
538,-1,140200040501,4,3.396438956260681,2284,0.27455100417137146,12.370885207692282
539,-1,140200040504,1,6.795269966125487,2287,0.9345449805259703,7.271206959242399
540,-1,140200040505,2,1.6156840324401862,2288,1.3694100379943848,1.1798394838747424
541,-1,140200040506,2,6.925869941711426,2289,0.8013240098953247,8.643033100451012
542,-1,140200040508,1,19.26320075988769,2291,3.0262699127197266,6.365328049200919
543,-1,140200050102,1,10.875499725341797,2293,1.6429699659347534,6.619414810272734
544,-1,140200050103,1,2.6043701171875,2294,2.973540067672729,0.875848334953104
545,-1,140200050105,2,5.7159401178359985,2296,4.2855000495910645,1.333786034696565
546,-1,140200050106,2,3.522620975971222,2297,2.2138400077819824,1.5911813697415695
547,-1,140200050110,1,7.150269985198975,2301,2.0965399742126465,3.410509731818613
548,-1,140200050111,2,3.634533107280731,2302,5.439030170440674,0.6682318342400846
549,-1,140200050112,1,0.7556639909744259,2303,4.061190128326416,0.1860695921877041
550,-1,140200050114,3,14.301875948905945,2305,10.10669994354248,1.4150886074384654
551,-1,140200050205,1,3.614530086517334,2310,2.417949914932251,1.4948738450682963
552,-1,140200050501,2,3.963092923164368,2321,9.640580177307127,0.4110844835348246
553,-1,140200050705,1,1.2867699861526491,2334,4.064970016479491,0.31655091696520543
554,-1,140200050706,1,11.543499946594238,2335,3.087290048599243,3.739039664197319
555,-1,140200050803,5,15.1421480178833,2339,10.413399696350098,1.4541022585727341
556,-1,140200060101,1,1.210819959640503,2340,0.9600800275802612,1.261165657921449
557,-1,140200060102,1,4.395199775695802,2341,1.7238399982452393,2.549656453133608
558,-1,140200060205,2,9.061320304870605,2346,6.48790979385376,1.3966470855459079
559,-1,140200060302,1,4.409649848937988,2352,1.0916399955749512,4.039472597937829
560,-1,140200060303,4,3.228539973497391,2353,2.3719899654388428,1.3611103000176805
561,-1,140200060401,4,4.512461945414543,2354,3.569040060043335,1.2643349106481458
562,-1,140200060402,3,6.197229862213135,2355,1.215790033340454,5.097286284857825
563,-1,140200060403,5,14.326723992824554,2356,7.580599784851074,1.889919584127737
564,-1,140200060406,3,3.6910960972309113,2359,5.394350051879883,0.6842522383108225
565,-1,140200060407,2,5.165369987487793,2360,11.275400161743164,0.45810968244068356
566,-1,140200060501,1,2.172679901123047,2361,1.1285799741744995,1.9251448287590385
567,-1,140200060503,7,14.452667489647865,2363,3.82726001739502,3.7762439510145707
568,-1,140200060504,7,7.1556879580020905,2364,2.644779920578003,2.705589188093296
569,-1,140200060505,4,17.745359659194946,2365,7.553589820861816,2.3492617523637676
570,-1,140200060602,2,4.996579885482788,2367,1.4385199546813965,3.4734171529719453
571,-1,140200060603,2,11.328260727226734,2368,3.816879987716675,2.9679373634179944
572,-1,140200060606,6,26.31651997566223,2370,29.814899444580078,0.8826633819302113
573,-1,140300020304,1,2.510610103607178,2397,0.8318039774894714,3.018271337418504
574,-1,140300020308,2,9.18567991256714,2401,13.127400398254395,0.6997333541977282
575,-1,140300020508,2,0.430980995297432,2415,2.543750047683716,0.16942741512275314
576,-1,140300020510,3,7.408620119094849,2417,2.7550899982452397,2.6890664638227846
577,-1,140300030102,4,3.846264347434044,2445,0.8579829931259155,4.4829144379900026
578,-1,140300030103,2,1.0121970027685172,2446,0.6948609948158264,1.4566899139831573
579,-1,140300030401,1,3.311150074005127,2466,2.697890043258667,1.2273109804007167
580,-1,140300030405,1,12.895899772644045,2470,3.72357988357544,3.4633068648607046
581,-1,140300030701,2,0.797437995672226,2486,0.5203030109405518,1.5326415163938745
582,-1,140300030702,1,8.090169906616211,2487,2.001250028610229,4.042558296543507
583,-1,140500010102,1,3.753599882125855,2534,3.3639800548553467,1.1158210871994192
584,-1,140500010305,1,2.1973199844360347,2557,5.422490119934082,0.4052234187312353
585,-1,140500010306,3,5.899221956729889,2558,5.447569847106934,1.0829089157732996
586,-1,140500010403,1,0.712951004505157,2561,0.1655450016260147,4.306690008773541
587,-1,140500010505,1,5.64369010925293,2573,1.7914700508117676,3.150312284983837
588,-1,140500020405,2,1.6028549671173102,2639,2.548589944839477,0.6289183437935387
589,-1,140500020406,1,2.4979100227355957,2640,7.183060169219972,0.34775011817934565
590,-1,140500020503,2,3.381193101406097,2643,5.689579963684082,0.594278158139591
591,-1,140500020601,2,0.7589789927005771,2650,0.3306710124015808,2.2952692078700903
592,-1,140500030404,3,1.728045001626015,2679,2.2057600021362305,0.7834238538882022
593,-1,140500030705,1,0.696979999542236,2683,5.2182297706604,0.13356636832303165
594,-1,140500050205,1,0.5837259888648989,2719,3.271509885787964,0.17842709001146875
595,-1,140500050304,2,0.27383802714757605,2723,1.5235799551010132,0.1797332829371732
596,-1,140500050305,5,8.095028042793274,2724,3.622289896011353,2.2347819404810836
597,-1,140500050310,1,1.076769948005676,2729,7.532619953155518,0.14294760052969385
598,-1,140500050401,3,6.290846109390259,2730,2.2918100357055664,2.7449247587632333
599,-1,140500050406,5,5.177912950515747,2735,8.876279830932617,0.5833426896334916
600,-1,140500060107,7,6.166509971022606,2751,1.2496000528335571,4.934786900048223
601,-1,140500060110,1,1.369600057601929,2754,1.6399099826812744,0.8351678275429575
602,-1,140500070406,4,4.450725972652434,2795,5.426539897918701,0.8201775083897327
603,-1,140500070407,4,3.348095539957285,2796,8.255109786987305,0.4055785599889847
604,-1,140801010104,1,0.10282699763774901,2818,1.016569972038269,0.10115092956324118
605,-1,140801010204,1,5.860109806060791,2822,1.4074000120162964,4.163784109725399
606,-1,140801010305,2,5.76209020614624,2827,1.1442500352859497,5.035691525852814
607,-1,140801010403,1,1.590739965438843,2831,0.7888420224189758,2.0165507417579702
608,-1,140801010404,2,3.6312849521636963,2832,1.55145001411438,2.3405748938914774
609,-1,140801010606,3,2.524374008178711,2842,2.072659969329834,1.217939288418318
610,-1,140801010608,1,0.490247994661331,2844,0.8551750183105469,0.5732721187644693
611,-1,140801011303,3,6.815240234136581,2866,2.8719599246978764,2.3730276232366054
612,-1,140801011403,2,5.985329985618591,2869,7.713709831237793,0.7759340338912056
613,-1,140801011502,2,8.627119779586794,2871,3.8255400657653813,2.2551377403652295
614,-1,140801011504,3,11.773110151290894,2873,1.5221400260925293,7.734577600927773
615,-1,140801011506,1,8.130709648132324,2875,3.622080087661743,2.2447625263253514
616,-1,140801040503,2,5.3241000175476065,2920,4.456669807434082,1.1946364096048987
617,-1,140801040801,1,5.023019790649414,2930,1.2634299993515017,3.9757009040688045
618,-1,140801040903,2,4.97704005241394,2936,2.9339499473571777,1.696361608655636
619,-1,140801050102,2,4.2582170963287345,2941,3.9020299911499023,1.0912825134575315
620,-1,140801050103,1,3.768889904022217,2942,0.3374969959259033,11.167180595733859
621,-1,140801070104,1,0.39586299657821705,2956,2.2467598915100098,0.17619283576945294
622,-1,140801070301,2,6.342239856719972,2973,5.708209991455077,1.1110733253005771
623,-1,140801070306,1,0.44834598898887607,2978,0.8132269978523254,0.5513171478233333
624,-1,140802020101,2,1.9888259768486016,2989,4.1813697814941415,0.4756398215844781
625,-1,140802020102,4,2.8689890801906586,2990,1.3253899812698364,2.164637669466856
626,-1,140802020104,1,4.973460197448731,2992,1.7059099674224854,2.915429473082506
627,-1,140802020105,1,1.153319954872131,2993,3.24288010597229,0.3556468069072628
628,-1,140802020106,2,3.661679983139038,2994,1.839400053024292,1.9906925506056188
