FID,HUC12,FP_Areakm2,StrmOrder
0,101800010101,1.4596601,4
1,101800010102,5.1454601,5
2,101800010103,0.7516240,3
3,101800010104,2.0333400,4
4,101800010105,2.0668001,4
5,101800010106,4.0925999,5
6,101800010107,1.6758699,2
7,101800010108,7.4595599,5
8,101800010201,1.6584500,3
9,101800010202,3.6427400,3
10,101800010203,7.0703802,4
11,101800010204,2.6201601,4
12,101800010301,1.0768300,3
13,101800010302,1.0000401,3
14,101800010303,5.2443099,4
15,101800010304,1.2039599,4
16,101800010305,3.3045399,4
17,101800010306,9.1703501,5
18,101800010401,1.6523600,3
19,101800010402,1.5422900,3
20,101800010403,1.2491000,3
21,101800010404,2.5053201,3
22,101800010405,5.1909699,4
23,101800010406,1.7081900,4
24,101800010407,5.2173400,3
25,101800010408,8.9176903,4
26,101800010409,4.5112901,4
27,101800010501,1.3792800,2
28,101800010502,0.7798760,4
29,101800010503,2.1557801,4
30,101800010504,0.5617310,2
31,101800010505,9.3667002,4
32,101800010506,9.3559599,5
33,101800010507,9.8985500,5
34,101800010601,1.4949100,3
35,101800010602,2.2950399,4
36,101800010603,2.0596299,4
37,101800010604,2.5012801,4
38,101800010605,6.4196100,4
39,101800010701,5.1934199,5
40,101800010702,1.3200500,3
41,101800010703,8.5807199,6
42,101800020101,0.3427240,2
43,101800020102,0.3850380,3
44,101800020107,1.9450901,6
45,101800020201,0.6393050,2
46,101800020202,3.0973699,3
47,101800020401,0.7669260,3
48,101800020402,0.4516590,3
49,101800100101,1.8500100,4
50,101800100102,0.4483410,4
51,101800100103,1.3927701,4
52,101800100104,0.7132420,4
53,101800100105,3.9495800,4
54,101800100106,1.1939300,3
55,101800100107,2.6631000,4
56,101800100202,0.8816750,3
57,101800100301,0.5145610,2
58,101800100304,0.1445680,4
59,101900010101,0.0060948,4
60,101900010102,0.7552930,4
61,101900010103,1.0708600,2
62,101900010104,3.2010601,4
63,101900010105,3.8241100,1
64,101900010106,6.6888900,4
65,101900010107,5.5389600,3
66,101900010108,11.7398005,4
67,101900010201,1.0429100,3
68,101900010202,1.2491500,3
69,101900010203,0.8911630,3
70,101900010204,2.9031200,3
71,101900010205,26.1791000,4
72,101900010206,1.1242501,3
73,101900010207,3.7103400,3
74,101900010208,6.3800902,2
75,101900010209,10.2974005,2
76,101900010210,9.5878096,5
77,101900010301,3.3571601,5
78,101900010302,1.9421500,2
79,101900010303,1.4787600,3
80,101900010304,1.5226800,2
81,101900010305,4.8927398,2
82,101900010306,15.4587002,5
83,101900010307,16.8533993,5
84,101900010401,1.6341200,3
85,101900010402,6.1378498,3
86,101900010403,2.0451801,3
87,101900010404,8.7458000,3
88,101900010405,1.3644700,3
89,101900010501,1.0105500,3
90,101900010502,0.8794820,3
91,101900010503,3.8692200,4
92,101900010504,1.4926100,4
93,101900010505,0.4011500,2
94,101900010506,1.8116100,4
95,101900010507,1.3672800,5
96,101900010601,0.1710380,3
97,101900010602,0.5929340,2
98,101900010603,1.4906501,4
99,101900010604,0.6461050,1
100,101900010605,1.9807301,5
101,101900010606,1.4736400,5
102,101900020101,0.6238960,3
103,101900020102,0.6468390,3
104,101900020103,1.2034600,4
105,101900020104,2.4509699,3
106,101900020105,1.6443200,4
107,101900020201,0.6497950,3
108,101900020202,1.1485600,3
109,101900020203,0.6285070,4
110,101900020204,2.4149401,4
111,101900020301,1.4664900,2
112,101900020302,1.4532400,3
113,101900020303,1.5794600,3
114,101900020304,1.7207000,4
115,101900020305,1.4680200,4
116,101900020401,0.1640530,3
117,101900020402,0.5227790,3
118,101900020403,1.1340300,3
119,101900020404,5.0409098,5
120,101900020405,0.6613230,3
121,101900020406,0.8499320,5
122,101900020407,1.6725200,5
123,101900020408,1.5817100,5
124,101900020501,0.3437200,2
125,101900020502,0.8756920,2
126,101900020503,2.9976900,3
127,101900020504,1.9837300,3
128,101900020601,0.6557040,3
129,101900020602,1.0142601,3
130,101900020603,0.2563770,3
131,101900020604,0.7897010,2
132,101900020605,0.5377820,2
133,101900020606,3.4447100,4
134,101900020607,0.6782430,2
135,101900020608,5.1716900,4
136,101900020701,1.0584600,5
137,101900020702,1.4086500,3
138,101900020703,11.9525003,5
139,101900020801,0.4862300,2
140,101900020802,1.1562400,3
141,101900020803,0.3704900,2
142,101900020804,1.0680100,3
143,101900020805,0.6064880,3
144,101900020806,0.8208790,3
145,101900020807,0.6631280,2
146,101900020808,4.0636601,4
147,101900020809,4.5478902,4
148,101900020901,6.0048900,5
149,101900020902,1.1498801,2
150,101900020903,1.8783500,3
151,101900020904,13.1405001,5
152,101900030101,1.0326200,2
153,101900030102,3.3380201,3
154,101900030103,3.5896399,2
155,101900030104,1.2480500,3
156,101900030105,0.8598910,2
157,101900030106,5.8727798,3
158,101900030107,2.3682599,3
159,101900030108,3.1960399,4
160,101900030201,3.5307100,3
161,101900030202,7.4902802,3
162,101900030203,2.1833501,4
163,101900030204,10.0541000,5
164,101900030301,3.3687301,4
165,101900030302,0.9664510,3
166,101900030303,9.1988802,4
167,101900030304,10.9816999,5
168,101900030401,9.0629597,2
169,101900030402,18.6408997,5
170,101900030403,6.7012601,3
171,101900030404,10.4153996,1
172,101900030405,14.2816000,5
173,101900030406,6.0970402,2
174,101900030407,3.2663400,2
175,101900030408,8.1486998,3
176,101900030409,24.7245007,5
177,101900030501,7.7076402,-999
178,101900030502,4.4525199,-999
179,101900030503,6.3668900,-999
180,101900030504,20.1917000,-999
181,101900030505,11.8154001,-999
182,101900030601,2.3350301,1
183,101900030602,18.4895000,5
184,101900030603,25.8570995,5
185,101900030604,14.3280001,6
186,101900030605,5.1511002,6
187,101900030606,23.3001003,6
188,101900030607,31.1975002,7
189,101900030701,1.0998900,2
190,101900030702,2.5448599,2
191,101900030703,1.6811600,2
192,101900030704,2.9906099,2
193,101900030705,8.5966501,3
194,101900030706,12.1738997,3
195,101900030707,12.7172003,4
196,101900030801,0.6926090,2
197,101900030802,4.1425300,2
198,101900030803,11.3794003,4
199,101900030804,13.1529999,4
200,101900030805,13.3698997,4
201,101900030806,26.5709991,4
202,101900030901,3.5186100,3
203,101900030902,6.3471098,3
204,101900030903,9.2488804,4
205,101900030904,2.5743799,4
206,101900030905,8.3536901,3
207,101900030906,3.6127901,3
208,101900030907,23.2289009,4
209,101900030908,15.5735998,4
210,101900030909,9.1952200,4
211,101900030910,7.9256101,5
212,101900031001,4.7923799,3
213,101900031002,15.3051004,7
214,101900031003,2.9836600,-999
215,101900031004,0.7801540,2
216,101900031005,4.7480998,3
217,101900031006,14.8929005,3
218,101900031007,13.5144997,7
219,101900031101,9.6290102,-999
220,101900031102,22.4962997,7
221,101900031103,30.0492992,7
222,101900031104,3.1943901,3
223,101900031105,4.3419099,7
224,101900031201,9.7788000,1
225,101900031202,5.0945802,4
226,101900031203,21.5839996,7
227,101900031205,8.1089096,7
228,101900031206,4.4765501,7
229,101900040101,0.6368050,3
230,101900040102,1.2334900,3
231,101900040103,0.9592020,4
232,101900040104,0.5463820,4
233,101900040201,0.0240855,2
234,101900040202,1.3085300,4
235,101900040203,0.2411770,2
236,101900040204,0.7774150,4
237,101900040205,0.0024903,3
238,101900040206,0.9066190,3
239,101900040207,1.5542800,4
240,101900040301,0.5448360,2
241,101900040302,1.1650200,2
242,101900040303,2.5375600,1
243,101900040304,5.4611702,3
244,101900040401,1.1101900,4
245,101900040402,1.2251400,4
246,101900040403,9.0119600,4
247,101900040404,4.3378000,4
248,101900050101,2.0393100,3
249,101900050102,1.5538300,3
250,101900050103,1.5871400,4
251,101900050201,0.0029766,3
252,101900050202,0.9496160,3
253,101900050203,0.1450740,3
254,101900050204,3.0933599,4
255,101900050301,0.2232100,2
256,101900050302,1.0427200,3
257,101900050303,0.6375300,3
258,101900050304,9.0639496,3
259,101900050401,1.6657799,3
260,101900050402,2.3980300,3
261,101900050403,0.6631210,2
262,101900050404,0.6932710,4
263,101900050405,0.0252262,4
264,101900050406,9.5749998,4
265,101900050501,0.5546440,3
266,101900050502,0.9632970,3
267,101900050503,2.6145000,3
268,101900050504,10.7362003,4
269,101900050601,5.9079599,4
270,101900050602,2.2396500,2
271,101900050603,4.0982900,3
272,101900050604,3.5949099,3
273,101900050605,6.8332200,4
274,101900050701,7.5113602,4
275,101900050702,1.2713300,3
276,101900050703,10.8317003,4
277,101900050704,7.7782798,3
278,101900050705,8.1390400,4
279,101900050706,7.1929598,5
280,101900050707,19.1005993,5
281,101900050708,2.0846701,2
282,101900050709,6.3097301,5
283,101900060101,0.1877340,3
284,101900060102,0.4311220,3
285,101900060103,0.0024325,2
286,101900060104,0.7588630,3
287,101900060201,0.7066610,4
288,101900060202,1.8947800,4
289,101900060203,0.0019334,4
290,101900060204,1.4494801,4
291,101900060205,0.0074141,1
292,101900060206,0.1313830,2
293,101900060207,2.7149799,4
294,101900060301,0.5945590,3
295,101900060302,0.6343860,4
296,101900060303,0.9020290,3
297,101900060304,1.9650000,4
298,101900060401,0.2958370,3
299,101900060402,0.1787250,3
300,101900060403,0.2492400,3
301,101900060404,1.3673400,4
302,101900060501,5.5688000,4
303,101900060502,3.8536501,4
304,101900060503,6.1436801,4
305,101900060504,3.1290200,4
306,101900060601,0.3369050,2
307,101900060602,1.4456300,5
308,101900060603,2.7249701,5
309,101900060604,7.9464202,5
310,101900060605,16.2926998,5
311,101900060606,8.7550097,5
312,101900060607,4.6178198,5
313,101900070101,1.2287600,3
314,101900070102,0.4592440,3
315,101900070103,0.0090868,4
316,101900070104,0.3122240,4
317,101900070105,1.4934100,5
318,101900070201,0.2022730,2
319,101900070202,0.2254550,3
320,101900070203,1.1522000,3
321,101900070204,2.4039099,3
322,101900070205,1.0140200,4
323,101900070206,0.2176310,2
324,101900070207,0.0023341,3
325,101900070208,3.2328300,4
326,101900070209,0.1332890,4
327,101900070210,1.3724300,4
328,101900070301,0.8453260,3
329,101900070302,0.1857390,2
330,101900070303,1.1141200,5
331,101900070304,0.3994510,3
332,101900070305,1.0665600,5
333,101900070402,0.7983980,2
334,101900070403,0.4646450,2
335,101900070404,1.1955600,4
336,101900070501,0.9156770,4
337,101900070502,1.6148100,3
338,101900070503,0.8200780,3
339,101900070504,1.7096800,4
340,101900070601,1.6241800,2
341,101900070602,1.2794000,3
342,101900070603,1.5130600,5
343,101900070701,1.2456000,4
344,101900070702,1.2693501,4
345,101900070703,0.5315010,4
346,101900070704,3.9557099,6
347,101900070801,0.8164810,3
348,101900070802,6.8207302,2
349,101900070803,3.0871401,4
350,101900070804,11.7215004,4
351,101900070805,20.0132999,6
352,101900070901,2.4431801,5
353,101900070902,2.8750000,5
354,101900070903,6.3201499,4
355,101900070904,4.5870800,5
356,101900070905,33.9006996,6
357,101900071001,9.8941898,2
358,101900071002,16.8220005,6
359,101900071003,14.0993004,3
360,101900071004,0.0394712,2
361,101900071005,12.9931002,6
362,101900071006,4.8965602,2
363,101900071007,3.6632900,6
364,101900071008,30.0324001,6
365,101900080104,0.7495350,4
366,101900080105,2.8739901,4
367,101900080201,9.9488297,3
368,101900080202,16.9797001,3
369,101900080203,14.9202003,4
370,101900080204,19.7696991,4
371,101900080301,5.5114799,3
372,101900080302,2.9175999,2
373,101900080303,2.1172400,3
374,101900080304,40.6917992,4
375,101900080305,0.0304640,1
376,101900080306,15.7166996,6
377,101900090201,1.4727000,3
378,101900090202,3.6744599,3
379,101900090203,2.0459700,4
380,101900090204,3.8739300,2
381,101900090205,2.7551000,4
382,101900090206,1.6129400,2
383,101900090207,3.8555300,3
384,101900090208,12.2241001,5
385,101900090302,3.7990301,4
386,101900090303,26.5534992,4
387,101900090304,3.5136900,-999
388,101900090305,22.1558990,2
389,101900090306,5.2699199,4
390,101900090401,0.7209660,2
391,101900090402,1.6086700,2
392,101900090403,2.6995900,3
393,101900090501,6.0128498,5
394,101900090502,4.3583298,3
395,101900090503,3.5179100,5
396,101900090504,4.6072798,5
397,101900090601,5.7841301,3
398,101900090602,26.8052998,5
399,101900100101,3.1947200,2
400,101900100102,1.9844600,1
401,101900100103,5.7277398,3
402,101900100201,1.4886600,1
403,101900100202,5.6534400,1
404,101900100203,12.1594000,3
405,101900100204,1.4160900,1
406,101900100205,4.9756498,3
407,101900100206,3.8890400,3
408,101900100207,7.8590202,3
409,101900100208,5.6543002,4
410,101900100209,19.7220001,4
411,101900100301,4.2572298,3
412,101900100302,6.1870399,3
413,101900100303,5.1573400,3
414,101900100304,16.2112999,3
415,101900100401,4.3732300,3
416,101900100402,6.6819701,4
417,101900100403,30.0291004,4
418,101900100404,31.5732994,4
419,101900110101,1.8341800,2
420,101900110102,2.4770801,2
421,101900110103,5.4738898,3
422,101900110104,3.9804900,3
423,101900110105,1.9337900,3
424,101900110106,0.0031948,3
425,101900110107,12.9672003,4
426,101900110108,8.5550604,4
427,101900110109,9.8681297,4
428,101900110201,1.5190200,2
429,101900110202,0.9851190,2
430,101900110203,2.9300699,2
431,101900110204,3.0548501,2
432,101900110205,4.6097102,2
433,101900110206,3.6800101,3
434,101900110207,1.3940800,3
435,101900110208,8.0906897,4
436,101900110209,20.1714993,5
437,101900110301,1.5754300,2
438,101900110302,1.9385000,2
439,101900110303,3.0027201,3
440,101900110304,4.6878901,3
441,101900110305,4.9762201,4
442,101900110306,6.2658901,4
443,101900110307,5.2600698,3
444,101900110308,17.2110996,5
445,101900110401,4.4452701,3
446,101900110402,3.3314900,3
447,101900110403,2.8781199,4
448,101900110404,4.6045499,3
449,101900110405,5.3051000,4
450,101900110406,20.9437008,5
451,101900110501,41.0842018,5
452,101900110502,25.0209007,3
453,101900110503,18.4598007,3
454,101900110504,22.2856007,5
455,101900120101,0.1232470,4
456,101900120102,4.4085598,3
457,101900120103,3.8709700,4
458,101900120104,5.0614700,4
459,101900120105,7.6908398,4
460,101900120106,13.0679998,4
461,101900120107,29.4095993,4
462,101900120201,15.0390997,7
463,101900120202,0.9352420,2
464,101900120203,1.5794899,3
465,101900120204,3.2861900,3
466,101900120205,14.3704996,3
467,101900120206,47.6698990,7
468,101900120301,0.5119430,-999
469,101900120302,2.6511500,2
470,101900120303,2.3907101,3
471,101900120304,3.8160501,4
472,101900120401,1.4429899,3
473,101900120402,38.9985008,7
474,101900120501,1.6768700,-999
475,101900120502,1.8216500,-999
476,101900120503,2.4578199,-999
477,101900120601,7.0875301,-999
478,101900120602,8.8522396,3
479,101900120603,9.5440197,3
480,101900120605,36.3498001,7
481,101900120606,2.6915700,2
482,101900120607,21.2339993,7
483,101900120701,10.9138002,7
484,101900120702,15.6531000,3
485,101900120703,2.2198300,4
486,101900120704,3.7856100,4
487,101900120705,20.1424007,7
488,101900120706,3.0238199,2
489,101900120707,1.1202300,3
490,101900120708,5.4856601,3
491,101900120709,22.5902004,7
492,101900120801,4.0302601,3
493,101900120802,2.8975000,2
494,101900120803,4.6919899,3
495,101900120804,3.4319501,3
496,101900120805,1.9725000,-999
497,101900120806,3.9584799,3
498,101900120807,2.3119900,4
499,101900120808,14.7002001,4
500,101900120809,11.0706997,4
501,101900120901,1.8525500,1
502,101900120903,1.9997500,2
503,101900120904,38.7659988,7
504,101900120905,19.1004009,7
505,101900121001,14.5035000,7
506,101900121002,2.6895700,2
507,101900121003,3.7286799,2
508,101900121004,3.5229101,4
509,101900121005,27.1009007,7
510,101900121101,4.4204402,4
511,101900121102,3.8284600,3
512,101900121103,5.7265201,4
513,101900121104,0.1793230,-999
514,101900121105,23.4916000,7
515,101900121201,10.8859997,3
516,101900121202,1.2588100,4
517,101900121203,7.8252802,4
518,101900121204,0.2624240,-999
519,101900121205,0.3163250,4
520,101900121206,13.4537001,5
521,101900121207,51.4017982,7
522,101900121301,0.6294320,3
523,101900121302,7.8863401,7
524,101900121303,4.1442599,7
525,101900121304,19.3218002,7
526,101900130101,1.4628000,3
527,101900130102,1.3113700,3
528,101900130103,3.6135900,4
529,101900130104,5.7060800,4
530,101900130105,2.5394499,4
531,101900130106,2.5528700,4
532,101900130201,1.9737099,4
533,101900130202,4.2623701,4
534,101900130203,6.7559199,4
535,101900130204,5.6086402,4
536,101900130205,4.3363500,4
537,101900130206,6.7022800,5
538,101900130207,4.5676599,5
539,101900130301,2.1925900,3
540,101900130302,7.0368900,3
541,101900130303,4.9607201,4
542,101900130304,12.3610001,4
543,101900130305,3.1718700,3
544,101900130306,7.8635898,4
545,101900130307,11.3697996,6
546,101900130401,2.4004200,3
547,101900130402,7.2545800,3
548,101900130403,3.6294999,3
549,101900130404,9.2678699,4
550,101900130405,25.3120003,6
551,101900130406,2.8153701,2
552,101900130407,23.3889999,6
553,101900130408,12.3438997,6
554,101900130409,25.0485001,6
555,101900140101,0.1920000,3
556,101900140102,0.0312583,3
557,101900140103,1.6843801,3
558,101900140104,2.9817600,3
559,101900140105,2.6540699,4
560,101900140201,1.1483600,-999
561,101900140202,5.1560402,2
562,101900140203,4.5078001,3
563,101900140204,1.5808300,3
564,101900140205,0.6174080,3
565,101900140206,1.9507500,3
566,101900140207,2.2219200,3
567,101900140301,4.3740602,4
568,101900140302,2.0759201,3
569,101900140303,3.3740900,3
570,101900140304,0.9400800,4
571,101900140305,4.1294498,4
572,101900140402,0.8955890,3
573,101900140403,2.2921200,4
574,101900140405,3.0687799,2
575,101900140406,4.8962598,4
576,101900140407,15.8163004,4
577,101900150203,2.7056000,1
578,101900160601,7.8358998,2
579,101900160602,0.4120960,2
580,101900160707,3.4213200,7
581,101900170102,0.0136899,1
582,101900170201,2.9558001,3
583,101900170202,4.5309200,3
584,101900170204,0.3329550,3
585,101900170301,0.0561989,1
586,101900180101,12.2017002,7
587,101900180102,3.9697001,7
588,101900180103,3.7074800,7
589,101900180105,5.4171100,5
590,102500010101,1.1937100,3
591,102500010102,3.4602201,4
592,102500010103,3.4489701,2
593,102500010104,4.7646599,4
594,102500010105,7.2694602,3
595,102500010106,3.6943901,2
596,102500010107,4.5819802,3
597,102500010108,5.1072798,3
598,102500010109,8.8000603,4
599,102500010110,5.0087299,4
600,102500010201,1.2867000,3
601,102500010202,2.5837901,3
602,102500010203,0.0158527,2
603,102500010204,3.2883999,3
604,102500010205,10.2778997,4
605,102500010301,2.0327101,2
606,102500010302,2.4511700,2
607,102500010303,1.5857400,2
608,102500010304,2.6363399,3
609,102500010305,4.7441401,2
610,102500010306,4.8626800,3
611,102500010307,0.0306833,2
612,102500010308,4.3100400,3
613,102500010309,7.3358302,4
614,102500010310,19.6865005,4
615,102500010401,7.4028502,4
616,102500010402,25.9773998,4
617,102500010403,26.2625008,1
618,102500010404,10.0967999,4
619,102500010405,22.4880009,4
620,102500010406,36.1313019,1
621,102500010407,28.1744995,4
622,102500010501,3.3918300,2
623,102500010502,14.2657003,2
624,102500010503,14.5882998,-999
625,102500010504,47.4170990,-999
626,102500010505,7.7461200,-999
627,102500010601,0.3824330,1
628,102500010602,26.8875999,2
629,102500010603,2.1190500,4
630,102500010701,13.2826996,1
631,102500010702,32.7831993,2
632,102500010703,11.1273003,4
633,102500010704,11.1956997,4
634,102500010705,10.3407001,4
635,102500010706,5.7511101,4
636,102500010801,0.1104890,2
637,102500010802,6.5105100,3
638,102500010803,9.9936199,4
639,102500010804,0.7114750,4
640,102500020101,17.1320000,3
641,102500020102,9.7657900,3
642,102500020201,0.7139340,2
643,102500020202,2.6505301,2
644,102500020203,8.8941402,4
645,102500020301,4.3847699,3
646,102500020302,4.5395999,3
647,102500020303,6.5775900,3
648,102500020401,6.1230602,3
649,102500020402,2.7586300,2
650,102500020403,5.6940398,3
651,102500020404,2.3195100,3
652,102500020405,4.1343002,3
653,102500020406,11.2699003,4
654,102500020407,10.1230001,4
655,102500020408,24.0783005,4
656,102500020501,2.9870999,3
657,102500020502,7.8202600,3
658,102500020503,7.9313302,3
659,102500020504,8.4055099,-999
660,102500020505,22.3498993,-999
661,102500020601,5.5159202,2
662,102500020602,1.6086600,2
663,102500020604,7.7638798,-999
664,102500020605,8.5989704,3
665,102500020606,11.2958002,3
666,102500020607,23.0298996,-999
667,102500020608,5.8943801,-999
668,102500020609,21.5314999,3
669,102500020701,12.7649002,-999
670,102500020702,24.2395000,-999
671,102500020703,19.7381001,-999
672,102500020704,17.5144997,-999
673,102500020705,15.6324997,1
674,102500020706,8.9781303,1
675,102500020707,6.3168602,1
676,102500020801,32.1990013,-999
677,102500020802,19.0386009,-999
678,102500020803,32.8586006,-999
679,102500020804,17.0118999,-999
680,102500020805,14.3549995,2
681,102500020901,7.9572601,-999
682,102500020902,1.5943201,2
683,102500020903,20.7238998,-999
684,102500020904,13.8608999,-999
685,102500020905,8.8261099,2
686,102500020906,7.2217102,2
687,102500020907,1.4027200,2
688,102500021001,10.4108000,3
689,102500021002,5.6803799,3
690,102500021003,4.8850198,3
691,102500021004,16.9346008,-999
692,102500021005,24.5494995,-999
693,102500021006,10.6323996,-999
694,102500021007,17.4701004,-999
695,102500021009,3.8561299,2
696,102500021102,5.3355699,-999
697,102500030101,1.0359700,2
698,102500030102,5.4410100,3
699,102500030103,1.7854000,1
700,102500030104,12.3563004,3
701,102500030201,4.0718002,3
702,102500030202,5.6356001,2
703,102500030203,3.1863899,3
704,102500030204,5.7308302,4
705,102500030301,1.4898300,2
706,102500030302,4.9329100,3
707,102500030303,3.8092501,3
708,102500030304,2.6315000,3
709,102500030305,5.9054499,2
710,102500030306,7.4298201,4
711,102500030401,5.2929201,2
712,102500030402,1.6162800,2
713,102500030403,7.5718398,3
714,102500030404,11.7911997,3
715,102500030405,7.4560900,3
716,102500030406,6.9738898,3
717,102500030501,3.9815400,2
718,102500030502,3.9846599,2
719,102500030503,3.2428300,3
720,102500030504,7.3174400,3
721,102500030505,3.1688800,2
722,102500030506,3.3186600,2
723,102500030507,1.7146699,1
724,102500030508,5.4294500,2
725,102500030509,4.8936901,2
726,102500030510,7.5417299,3
727,102500030511,13.7016001,3
728,102500030601,9.1597700,4
729,102500030602,18.9528008,4
730,102500030701,3.0213201,2
731,102500030702,4.9688001,2
732,102500030703,6.3628502,2
733,102500030704,1.9660600,3
734,102500030705,5.0445099,3
735,102500030706,5.1742802,3
736,102500030707,7.7762799,3
737,102500030801,8.2756100,4
738,102500030802,4.8480000,2
739,102500030803,31.8959007,1
740,102500030804,3.8918400,3
741,102500030805,9.2801304,4
742,102500030806,10.3366003,4
743,102500030901,2.9646399,1
744,102500030902,3.7711899,2
745,102500030903,1.5849100,1
746,102500030904,9.6876202,2
747,102500030905,6.6163201,4
748,102500031001,9.0180998,4
749,102500031002,8.2743502,4
750,102500031003,6.2005801,4
751,102500031004,2.0049601,4
752,102500050101,2.4112201,2
753,102500050102,3.4535401,2
754,102500050103,14.6393995,2
755,102500050104,2.9965301,2
756,102500050105,3.5180299,2
757,102500050201,2.1682899,3
758,102500050202,2.7620499,3
759,102500050203,0.7679840,3
760,102500050204,3.5166299,4
761,102500050205,17.4034996,4
762,102500050206,11.1611996,2
763,102500050207,5.8349600,2
764,102500050208,6.3862901,4
765,102500050209,3.1798401,4
766,102500050210,1.4589300,4
767,102500050301,3.1199501,3
768,102500050302,5.4809499,4
769,102500050303,14.4436998,4
770,102500050304,4.3363600,2
771,102500050305,8.1804304,-999
772,102500050306,1.8647200,-999
773,102500050307,6.8778000,-999
774,102500060101,2.2666900,2
775,102500060102,7.6086898,3
776,102500060103,7.1702299,3
777,102500060104,3.7571399,3
778,102500060105,2.1739900,3
779,102500060106,3.0787399,-999
780,102500060201,5.0527601,2
781,102500060202,6.3713102,3
782,102500060203,1.6219400,3
783,102500060301,0.8853590,3
784,102500060401,0.0202234,2
785,102500060501,0.9128990,2
786,102500120101,6.0076799,2
787,102500120102,7.2383900,2
788,102500120103,3.8229301,1
789,102500120104,10.8941002,2
790,102500130101,2.3235099,2
791,102500130103,6.3369198,2
792,102600010101,1.8951900,2
793,102600010102,3.5065300,2
794,102600010103,4.6340499,2
795,102600010104,1.2406000,3
796,102600010105,6.8324099,3
797,102600010106,1.7048800,2
798,102600010107,8.8115101,4
799,102600010108,6.9315500,3
800,102600010109,2.1417799,4
801,102600010201,0.3954920,1
802,102600020101,3.8340600,3
803,102600020102,3.9076300,3
804,102600020103,2.1823800,2
805,102600020104,1.2987100,2
806,102600020105,6.0072298,3
807,102600020201,6.4213800,3
808,102600020202,9.0034504,3
809,102600020203,4.4199400,1
810,102600020204,3.1016800,1
811,102600020205,7.8814402,3
812,102600020207,7.3019500,2
813,102600040101,2.3427200,2
814,102600040102,4.6590900,2
815,102600040103,11.7447004,2
816,102600040104,4.0375099,2
817,102600040105,3.4988599,1
818,102600040201,7.3927598,2
819,102600040203,5.1641998,2
820,102600040204,0.0797883,1
821,110200010101,0.3279490,3
822,110200010102,0.3736870,3
823,110200010103,11.1620998,3
824,110200010201,1.5697000,4
825,110200010202,0.8947130,4
826,110200010203,6.7552099,3
827,110200010204,0.0721250,2
828,110200010205,0.7481580,2
829,110200010206,8.2893600,4
830,110200010207,0.9854770,4
831,110200010208,1.7459300,1
832,110200010209,1.2054200,4
833,110200010301,0.7858570,3
834,110200010302,1.2121500,3
835,110200010303,1.1656801,2
836,110200010304,5.4409499,3
837,110200010401,0.0660213,3
838,110200010402,3.9206300,3
839,110200010403,0.7841890,2
840,110200010404,1.2328100,4
841,110200010405,0.6510430,3
842,110200010406,3.4318800,4
843,110200010501,1.1899400,3
844,110200010502,2.5457699,3
845,110200010601,0.4085270,3
846,110200010602,0.8354160,2
847,110200010603,0.4559730,3
848,110200010604,0.3587810,3
849,110200010605,0.4918370,3
850,110200010606,0.4401970,3
851,110200010607,0.2863600,2
852,110200010608,0.9286850,3
853,110200010609,2.9029801,4
854,110200010610,2.8638599,4
855,110200010701,4.0955701,4
856,110200010702,1.9214500,4
857,110200010703,1.3605601,4
858,110200010704,1.7366400,2
859,110200010705,2.2522399,4
860,110200010706,0.3326500,3
861,110200010707,0.0074282,2
862,110200010708,0.8785340,4
863,110200010709,2.7020199,4
864,110200010710,2.9047201,4
865,110200010801,0.3519810,3
866,110200010802,0.0197908,4
867,110200010803,0.4613450,4
868,110200010804,0.1845290,4
869,110200010805,1.4795800,4
870,110200010806,1.2126400,4
871,110200010807,0.2884240,4
872,110200010902,1.9763800,5
873,110200010903,0.9940700,5
874,110200010904,1.1710401,5
875,110200010905,0.7207030,2
876,110200010906,0.4676090,2
877,110200010907,1.6100399,5
878,110200011001,0.5636320,4
879,110200011002,0.7543660,3
880,110200011003,0.5970840,4
881,110200011004,1.3353100,4
882,110200011101,0.1001700,3
883,110200011102,0.5772770,3
884,110200011103,0.5229400,3
885,110200011104,0.0098225,2
886,110200011105,1.0005400,3
887,110200011106,1.0128400,3
888,110200011107,1.2690600,3
889,110200011108,1.4932700,4
890,110200011109,2.0442300,4
891,110200011110,1.6728200,4
892,110200011201,0.5396510,3
893,110200011202,0.6906870,3
894,110200011203,1.4648900,4
895,110200011204,1.9376200,3
896,110200011205,5.4642901,4
897,110200011206,7.1918702,3
898,110200011207,0.8188490,3
899,110200011208,3.4902000,4
900,110200011209,10.6855001,2
901,110200011210,3.0998700,4
902,110200011211,2.0193200,3
903,110200011212,5.2753301,4
904,110200011213,1.8591400,4
905,110200011301,0.0381612,4
906,110200011302,0.7062480,3
907,110200011303,0.0151640,2
908,110200011304,0.5635680,3
909,110200011305,1.3260700,4
910,110200011306,2.5241799,5
911,110200011307,1.3589500,5
912,110200011401,0.4924190,3
913,110200011402,1.4955100,5
914,110200011403,2.1449399,5
915,110200011404,0.0478023,3
916,110200011405,0.3474750,3
917,110200011406,2.9802499,5
918,110200011407,2.9053600,5
919,110200011408,1.4413900,5
920,110200011409,1.8509500,5
921,110200020101,0.0133121,4
922,110200020102,0.8776010,3
923,110200020103,0.8824590,3
924,110200020104,2.5036700,3
925,110200020105,1.1620200,4
926,110200020201,0.3727180,4
927,110200020202,0.9145370,3
928,110200020203,2.1225300,4
929,110200020204,0.2814260,4
930,110200020205,0.8605980,4
931,110200020206,0.7539230,3
932,110200020207,1.7338500,3
933,110200020208,2.9233201,4
934,110200020301,1.0155900,3
935,110200020302,0.9571880,2
936,110200020303,1.3022100,3
937,110200020304,1.3427800,4
938,110200020305,4.1834798,4
939,110200020401,3.2388699,6
940,110200020402,0.7194630,3
941,110200020403,0.9668420,3
942,110200020404,2.6802499,3
943,110200020405,0.1284620,3
944,110200020406,3.3205700,6
945,110200020407,8.8532000,6
946,110200020408,3.5839701,6
947,110200020501,0.8802930,3
948,110200020502,1.0340900,3
949,110200020503,0.6575260,4
950,110200020504,1.0507500,4
951,110200020505,1.9365300,4
952,110200020506,2.5474100,4
953,110200020507,2.1250501,4
954,110200020601,1.3344300,3
955,110200020602,2.5916901,3
956,110200020603,7.8127799,6
957,110200020701,0.8223240,2
958,110200020702,1.9612100,3
959,110200020703,1.7416400,3
960,110200020704,3.0576701,4
961,110200020801,1.1102500,3
962,110200020802,2.3504400,3
963,110200020803,3.4701900,4
964,110200020804,0.9486270,3
965,110200020805,17.6650009,6
966,110200020901,0.6977480,3
967,110200020902,3.9737599,3
968,110200020903,6.6564999,4
969,110200020904,2.9862800,3
970,110200020905,20.9169998,6
971,110200021001,0.8158830,3
972,110200021002,3.7268000,3
973,110200021003,0.0594561,4
974,110200021004,2.8471000,3
975,110200021005,2.2192700,4
976,110200021006,1.4819200,3
977,110200021007,5.1889200,4
978,110200021101,0.4601730,3
979,110200021102,0.9934360,4
980,110200021103,0.3379630,3
981,110200021104,1.7556700,3
982,110200021105,0.9270970,4
983,110200021106,0.4689870,4
984,110200021107,5.6876602,4
985,110200021201,8.4007797,5
986,110200021202,13.2994003,6
987,110200021203,11.3491001,3
988,110200021204,8.4935799,6
989,110200030101,0.7207830,3
990,110200030102,1.2697800,2
991,110200030103,1.9323000,2
992,110200030104,1.1528600,2
993,110200030105,1.7760600,3
994,110200030106,0.4962800,3
995,110200030107,2.0789900,4
996,110200030201,1.6172700,4
997,110200030202,0.3701600,2
998,110200030203,0.5112210,4
999,110200030204,1.1364501,4
1000,110200030301,0.9193460,3
1001,110200030302,13.4371004,4
1002,110200030303,3.0422399,5
1003,110200030304,7.0181899,5
1004,110200030305,8.4832296,5
1005,110200030306,1.3829800,3
1006,110200030307,2.6018701,3
1007,110200030308,5.4772301,5
1008,110200030401,5.3007698,5
1009,110200030402,12.9983997,5
1010,110200030403,0.0152821,2
1011,110200030404,4.7175899,3
1012,110200030405,0.0197397,3
1013,110200030406,14.7185001,5
1014,110200030407,7.7835202,5
1015,110200040101,3.1963401,3
1016,110200040102,3.6647899,3
1017,110200040103,5.2123299,3
1018,110200040104,5.1489601,3
1019,110200040105,33.8058014,4
1020,110200040201,16.2858009,2
1021,110200040202,5.1201701,1
1022,110200040203,12.0173998,2
1023,110200040204,13.9802999,4
1024,110200040205,9.8419905,-999
1025,110200040206,13.1189003,1
1026,110200040207,20.8668995,4
1027,110200040208,27.3862991,4
1028,110200040301,4.2183299,3
1029,110200040302,3.8345399,2
1030,110200040303,1.0435899,3
1031,110200040304,6.7620702,4
1032,110200040305,1.9566900,4
1033,110200040306,14.5860996,5
1034,110200040307,2.6912401,5
1035,110200040308,0.0526017,3
1036,110200040309,11.6604996,5
1037,110200050101,2.3068800,-999
1038,110200050102,15.9996996,-999
1039,110200050103,21.5249996,1
1040,110200050104,3.7811601,2
1041,110200050105,2.1364901,3
1042,110200050201,2.7599800,2
1043,110200050202,36.0484009,1
1044,110200050203,11.8375998,2
1045,110200050204,23.1623001,-999
1046,110200050205,37.2518005,-999
1047,110200050206,2.5706699,3
1048,110200050301,25.1002998,6
1049,110200050303,3.9095600,3
1050,110200050304,4.9222898,4
1051,110200050305,2.6115301,4
1052,110200050306,28.9188995,7
1053,110200050307,0.5665350,2
1054,110200050308,14.6215000,7
1055,110200050401,0.3847890,3
1056,110200050402,22.1403999,-999
1057,110200050403,11.8580999,2
1058,110200050404,17.6585007,2
1059,110200050405,8.5970097,4
1060,110200050406,38.9514008,4
1061,110200050407,7.9383898,4
1062,110200050501,1.4952500,3
1063,110200050502,2.5532000,2
1064,110200050503,7.5564399,3
1065,110200050504,2.1899400,3
1066,110200050601,1.5301200,3
1067,110200050602,1.7918700,3
1068,110200050603,3.9427299,4
1069,110200050604,1.4034200,3
1070,110200050605,1.7736501,4
1071,110200050606,1.2217300,4
1072,110200050607,1.1896900,4
1073,110200050608,0.8262330,2
1074,110200050609,1.7773900,4
1075,110200050610,6.7542901,4
1076,110200050611,7.6521602,4
1077,110200050701,8.8232803,7
1078,110200050703,0.5459150,1
1079,110200050704,17.1502991,7
1080,110200050705,27.7654991,7
1081,110200050801,2.0597501,2
1082,110200050802,1.1866900,3
1083,110200050803,1.6787400,1
1084,110200050804,7.7685199,3
1085,110200050805,3.9220600,3
1086,110200050901,2.0607300,2
1087,110200050902,2.0030601,2
1088,110200050903,0.9747040,2
1089,110200050904,17.7238007,7
1090,110200050905,14.0988998,7
1091,110200050906,13.6990995,7
1092,110200060101,0.1753680,4
1093,110200060102,1.1278800,4
1094,110200060103,0.6934600,2
1095,110200060104,0.8460830,3
1096,110200060105,0.8066050,3
1097,110200060106,0.8892870,3
1098,110200060107,1.9786000,3
1099,110200060108,5.0301900,4
1100,110200060201,0.9555310,3
1101,110200060202,1.0624800,3
1102,110200060203,0.0623302,2
1103,110200060204,1.0788600,3
1104,110200060205,3.9299400,5
1105,110200060206,0.9119720,5
1106,110200060207,1.0437900,5
1107,110200060301,2.4706099,3
1108,110200060302,4.8191199,5
1109,110200060401,0.6948620,2
1110,110200060402,0.6073320,3
1111,110200060403,0.9339420,2
1112,110200060404,0.7471890,3
1113,110200060405,1.8902200,2
1114,110200060406,4.8947001,3
1115,110200060407,3.6892200,3
1116,110200060408,0.8646120,2
1117,110200060409,2.5737400,2
1118,110200060410,8.5830202,4
1119,110200060501,3.2707901,4
1120,110200060502,0.8066280,3
1121,110200060503,0.0634458,2
1122,110200060504,3.0931201,3
1123,110200060505,0.8039240,3
1124,110200060506,6.1118498,5
1125,110200060601,8.7709503,3
1126,110200060602,0.8014870,3
1127,110200060603,2.4631701,3
1128,110200060701,9.2221804,5
1129,110200060702,0.5854680,5
1130,110200060703,3.0666201,5
1131,110200060801,3.2134299,2
1132,110200060802,3.0335801,2
1133,110200060803,6.8017502,5
1134,110200060804,7.7507000,5
1135,110200060805,2.6755400,5
1136,110200060806,2.6229100,5
1137,110200060901,0.3503430,2
1138,110200060902,2.5067501,6
1139,110200060903,1.4590800,3
1140,110200060904,3.2930000,3
1141,110200060905,12.6695995,6
1142,110200060906,7.5350199,6
1143,110200060907,18.3712006,6
1144,110200070101,0.8917320,3
1145,110200070102,1.7590100,3
1146,110200070103,1.6076601,2
1147,110200070104,1.3587101,3
1148,110200070105,0.5185960,3
1149,110200070106,1.8616000,3
1150,110200070107,4.6676698,3
1151,110200070108,0.5917570,2
1152,110200070109,10.1584997,3
1153,110200070201,2.8035800,2
1154,110200070202,4.0720100,3
1155,110200070203,10.4659004,4
1156,110200070204,6.5409899,4
1157,110200070205,2.3054800,4
1158,110200070206,1.2239200,3
1159,110200070207,3.0568199,3
1160,110200070208,2.6653099,4
1161,110200070209,0.7305660,4
1162,110200070210,2.9657900,5
1163,110200070301,1.2525899,3
1164,110200070302,1.2053100,3
1165,110200070303,2.1122601,5
1166,110200070304,2.3535500,5
1167,110200070305,8.6395502,2
1168,110200070306,5.6759400,5
1169,110200070401,0.1159820,2
1170,110200070402,2.1229000,2
1171,110200070403,2.1601801,4
1172,110200070404,14.6084995,5
1173,110200070405,7.3345599,5
1174,110200070406,7.2897401,5
1175,110200080101,1.7515600,3
1176,110200080102,12.9001999,4
1177,110200080103,5.3227801,3
1178,110200080104,16.9447002,5
1179,110200080201,0.8487640,2
1180,110200080202,5.1115398,3
1181,110200080204,4.3133302,3
1182,110200080205,2.6908400,3
1183,110200080206,9.6832600,3
1184,110200080207,2.6790199,3
1185,110200080208,9.3071299,3
1186,110200080209,13.3776999,4
1187,110200080210,25.5470009,4
1188,110200080301,1.5599200,1
1189,110200080302,5.9165502,2
1190,110200080303,15.3586998,-999
1191,110200080304,13.4330997,2
1192,110200080305,9.8983698,2
1193,110200080306,33.7826996,2
1194,110200080307,4.3607898,2
1195,110200080308,5.5566401,3
1196,110200080309,6.8152599,3
1197,110200080310,3.5938900,2
1198,110200080311,18.7243996,3
1199,110200080312,14.1795998,4
1200,110200080313,14.7419996,5
1201,110200080401,5.9601402,5
1202,110200080402,20.5202007,5
1203,110200080403,10.4354000,5
1204,110200080404,5.3186202,2
1205,110200080405,15.5145998,2
1206,110200080406,21.6166000,5
1207,110200080501,4.6424899,-999
1208,110200080502,3.1525700,-999
1209,110200080503,36.4658012,-999
1210,110200080504,23.3458004,5
1211,110200090101,7.3160501,2
1212,110200090102,13.6001997,2
1213,110200090103,7.4182601,2
1214,110200090104,6.0209899,2
1215,110200090105,1.1206200,1
1216,110200090106,12.5897999,4
1217,110200090201,1.0822099,2
1218,110200090202,7.6441698,2
1219,110200090203,13.9461002,3
1220,110200090204,6.5348701,3
1221,110200090205,7.6017199,2
1222,110200090206,14.8907003,4
1223,110200090301,10.7065001,4
1224,110200090302,8.7280903,-999
1225,110200090303,22.6173000,-999
1226,110200090304,18.0858002,4
1227,110200090401,0.5737510,3
1228,110200090402,0.5758800,2
1229,110200090403,0.0891825,3
1230,110200090404,4.2754998,3
1231,110200090405,2.4319601,4
1232,110200090406,3.4203701,3
1233,110200090407,3.3022299,4
1234,110200090501,2.2464900,3
1235,110200090502,2.0045300,3
1236,110200090503,0.0728128,3
1237,110200090504,2.6189599,2
1238,110200090505,1.9851900,3
1239,110200090506,3.5590301,3
1240,110200090507,3.3404300,5
1241,110200090601,0.6010050,5
1242,110200090602,2.7698801,5
1243,110200090603,8.0037498,5
1244,110200090701,37.7000999,7
1245,110200090702,11.1457996,-999
1246,110200090703,6.3863001,1
1247,110200090704,66.0441971,7
1248,110200090801,1.1209700,3
1249,110200090802,0.6494690,3
1250,110200090803,2.2729199,3
1251,110200090804,2.8679700,3
1252,110200090805,6.4972701,3
1253,110200090901,1.6068900,3
1254,110200090902,0.5362030,2
1255,110200090903,1.4923700,2
1256,110200090904,2.0518799,3
1257,110200090905,3.0754700,3
1258,110200090906,4.5919900,4
1259,110200091001,7.4250598,7
1260,110200091002,5.1034398,2
1261,110200091003,0.9584090,2
1262,110200091004,1.0086600,2
1263,110200091005,0.0850331,1
1264,110200091006,3.9351399,2
1265,110200091007,7.7374101,-999
1266,110200091008,27.1075001,7
1267,110200091101,4.6210699,-999
1268,110200091102,17.4486008,-999
1269,110200091103,25.5095997,-999
1270,110200091104,22.9491005,-999
1271,110200091105,8.9304504,-999
1272,110200091106,4.1640401,-999
1273,110200091107,22.8295002,-999
1274,110200091201,18.3796997,-999
1275,110200091202,44.0624008,-999
1276,110200091203,5.5951800,-999
1277,110200091204,16.8376007,-999
1278,110200091205,9.0051498,-999
1279,110200091301,1.7347701,3
1280,110200091302,0.0163368,2
1281,110200091303,2.2931600,3
1282,110200091304,2.4944899,3
1283,110200091305,0.9027780,2
1284,110200091306,10.6974001,3
1285,110200091401,32.7923012,1
1286,110200091402,25.6002007,-999
1287,110200091403,6.5683799,-999
1288,110200091404,2.0742400,2
1289,110200091405,8.1680202,7
1290,110200091406,49.3079987,7
1291,110200091501,2.7149100,2
1292,110200091502,20.7261009,7
1293,110200091503,6.1943302,1
1294,110200091504,7.6577702,2
1295,110200091505,32.2733002,7
1296,110200091601,0.7332370,2
1297,110200091602,1.1650900,3
1298,110200091603,2.0208700,3
1299,110200091604,0.1706710,3
1300,110200091605,3.4156101,3
1301,110200091701,6.0145998,-999
1302,110200091702,10.9602003,-999
1303,110200091703,7.0339799,2
1304,110200091704,3.0053899,-999
1305,110200091705,46.2826004,7
1306,110200091801,8.5814695,2
1307,110200091802,6.6822801,3
1308,110200091803,0.6662560,2
1309,110200091804,8.6166697,3
1310,110200091901,1.8184400,7
1311,110200091902,21.2332001,7
1312,110200100101,0.9789720,2
1313,110200100102,1.8801800,3
1314,110200100103,0.3401420,3
1315,110200100104,1.2483100,3
1316,110200100105,0.6198610,3
1317,110200100106,1.0547600,3
1318,110200100107,2.0725601,3
1319,110200100108,4.2463999,4
1320,110200100201,0.2498170,3
1321,110200100202,0.8136210,3
1322,110200100203,0.9381900,4
1323,110200100204,1.1749200,2
1324,110200100205,1.5108401,4
1325,110200100206,0.0008955,2
1326,110200100207,1.3466800,4
1327,110200100301,1.3536800,2
1328,110200100302,1.1500400,3
1329,110200100303,0.2501000,2
1330,110200100304,0.4820570,4
1331,110200100305,0.0085445,4
1332,110200100306,0.9515880,4
1333,110200100307,1.1234100,4
1334,110200100308,7.0176702,5
1335,110200100401,0.3617120,3
1336,110200100402,1.1775000,3
1337,110200100501,2.6558499,2
1338,110200100502,1.3965800,3
1339,110200100503,6.0843801,4
1340,110200100504,4.9439301,4
1341,110200100601,3.6513200,5
1342,110200100602,0.0094204,2
1343,110200100603,3.2087500,5
1344,110200100604,3.8820601,5
1345,110200100605,0.0381187,2
1346,110200100606,1.0492001,2
1347,110200100607,3.2794199,3
1348,110200100608,1.6498300,3
1349,110200100609,4.5356998,5
1350,110200100701,3.8275001,3
1351,110200100702,1.9529901,3
1352,110200100703,1.1178800,3
1353,110200100704,0.6411680,2
1354,110200100705,1.6620700,4
1355,110200100706,0.0105413,2
1356,110200100707,3.7962201,4
1357,110200100801,1.3245900,2
1358,110200100802,2.0035901,4
1359,110200100803,5.5978699,4
1360,110200100804,0.9899600,4
1361,110200100901,1.7109500,2
1362,110200100902,1.0848300,5
1363,110200101001,8.4132795,2
1364,110200101002,8.9515600,3
1365,110200101003,2.4039900,3
1366,110200101004,2.4269199,3
1367,110200101005,1.8354300,3
1368,110200101101,1.2855800,2
1369,110200101102,3.7851701,5
1370,110200101103,0.1409840,1
1371,110200101104,2.5735400,2
1372,110200101105,3.4542301,2
1373,110200101106,1.1949600,3
1374,110200101107,2.4234500,5
1375,110200101201,2.1758399,3
1376,110200101202,1.4397700,3
1377,110200101301,0.4591950,3
1378,110200101302,2.4352901,5
1379,110200101303,0.2660920,2
1380,110200101304,3.2451301,5
1381,110200101401,1.7029099,2
1382,110200101402,1.2044700,4
1383,110200101501,0.6445760,3
1384,110200101502,1.7944300,3
1385,110200101503,1.5655700,3
1386,110200101504,4.0195599,3
1387,110200101505,2.1928101,3
1388,110200101506,1.1930900,3
1389,110200101507,1.3105100,2
1390,110200101508,2.3676000,4
1391,110200101509,3.2175801,4
1392,110200101510,3.4393101,4
1393,110200101601,3.0295899,5
1394,110200101602,1.3975500,3
1395,110200101603,3.3904600,2
1396,110200101604,7.2250800,5
1397,110200101701,1.0852300,2
1398,110200101702,1.6409200,3
1399,110200101703,1.4885800,3
1400,110200101704,1.2312800,3
1401,110200101705,0.0262205,3
1402,110200101706,2.9947000,3
1403,110200101707,1.9329200,4
1404,110200101708,1.9610900,4
1405,110200101709,3.3085699,4
1406,110200101801,3.6702800,5
1407,110200101802,4.1081800,5
1408,110200101803,0.0414140,2
1409,110200101804,3.0577300,3
1410,110200101805,0.7235060,2
1411,110200101806,8.6634502,5
1412,110200101807,5.2414699,5
1413,110200101901,3.1874599,5
1414,110200101902,5.0914001,5
1415,110200101903,4.9315801,5
1416,110200101904,15.0072002,5
1417,110200110101,2.8641200,2
1418,110200110102,4.2371502,2
1419,110200110103,5.7099700,3
1420,110200110104,5.5320401,3
1421,110200110105,3.1631200,3
1422,110200110106,9.9608803,3
1423,110200110201,4.3362999,3
1424,110200110202,2.4538701,3
1425,110200110203,3.2147901,5
1426,110200110204,7.2096500,4
1427,110200110301,5.8242102,5
1428,110200110302,2.7064800,3
1429,110200110303,3.7130201,5
1430,110200110304,10.7629004,5
1431,110200110401,4.8117499,3
1432,110200110402,2.4063001,2
1433,110200110403,11.4104004,5
1434,110200110404,6.7499499,5
1435,110200110405,8.8775797,5
1436,110200110406,5.4122701,2
1437,110200110407,12.7540998,5
1438,110200110501,0.6077430,3
1439,110200110502,4.4159298,3
1440,110200110503,2.6384699,3
1441,110200110504,8.4235802,4
1442,110200110505,4.4977498,4
1443,110200110506,8.8460197,4
1444,110200110601,7.1081700,2
1445,110200110602,6.4371700,5
1446,110200110603,2.7396300,5
1447,110200110604,5.7484102,5
1448,110200110605,6.2227602,5
1449,110200110701,5.1038699,3
1450,110200110702,5.7766600,4
1451,110200110703,9.1666098,-999
1452,110200110704,0.8048470,1
1453,110200110705,0.1466010,3
1454,110200110706,8.7931604,-999
1455,110200110707,17.2388000,4
1456,110200110708,28.2530994,4
1457,110200110709,16.8745995,5
1458,110200110801,13.3711004,5
1459,110200110802,16.6863003,5
1460,110200110803,14.6378002,5
1461,110200110901,18.6480999,-999
1462,110200110902,22.4452991,5
1463,110200110903,37.1973991,-999
1464,110200110904,19.2712002,5
1465,110200120101,13.8312998,2
1466,110200120102,13.5920000,3
1467,110200120103,10.9427996,-999
1468,110200120104,4.9909101,3
1469,110200120201,3.1095500,2
1470,110200120202,2.2547400,2
1471,110200120203,2.6376901,3
1472,110200120204,4.9729900,2
1473,110200120205,7.1805801,3
1474,110200120206,4.5168900,3
1475,110200120207,16.4073009,3
1476,110200120208,2.9054201,3
1477,110200120301,3.9309499,3
1478,110200120302,6.6016998,3
1479,110200120303,4.7379498,2
1480,110200120304,9.2706604,3
1481,110200120305,9.6212301,4
1482,110200120401,3.8768599,-999
1483,110200120402,8.0062704,4
1484,110200120403,6.5690899,4
1485,110200120404,11.0416002,4
1486,110200120405,7.1299000,2
1487,110200120406,5.7720799,4
1488,110200120501,11.0754995,4
1489,110200120502,6.8959899,-999
1490,110200120503,9.4099998,4
1491,110200120504,4.9751000,4
1492,110200120505,8.4723396,4
1493,110200120601,10.9583998,4
1494,110200120602,59.7877998,4
1495,110200120603,10.0032997,4
1496,110200120604,14.3956003,5
1497,110200130101,1.2755800,2
1498,110200130102,3.2617600,3
1499,110200130103,1.2467700,2
1500,110200130104,1.7561100,3
1501,110200130105,1.1586900,3
1502,110200130106,1.9252200,3
1503,110200130107,3.8318999,4
1504,110200130201,4.0513000,4
1505,110200130202,5.7247801,4
1506,110200130203,1.2617199,4
1507,110200130204,3.1517000,4
1508,110200130205,8.8718901,4
1509,110200130301,0.0282908,1
1510,110200130302,1.7862500,2
1511,110200130303,0.0440396,3
1512,110200130304,0.0431558,2
1513,110200130305,3.6864300,3
1514,110200130306,4.1370502,3
1515,110200130401,1.6143200,3
1516,110200130402,5.5928302,4
1517,110200130403,11.4372997,4
1518,110200130404,12.5840998,4
1519,110200130405,8.1374197,4
1520,110300010102,1.2086999,7
1521,110300020101,3.8474400,2
1522,110300020102,7.3976102,1
1523,110300020103,14.8732004,-999
1524,110300020104,2.6089900,1
1525,110300020105,7.9722900,2
1526,110300020301,2.5485799,-999
1527,110300020302,7.1635399,-999
1528,110300020303,8.2470398,-999
1529,110300020304,8.6911697,-999
1530,110400010301,0.0019109,2
1531,110400010302,0.4904610,3
1532,110400010303,0.1972670,3
1533,110400010304,0.2616830,2
1534,110400010601,0.7613720,4
1535,110400010602,0.7896690,4
1536,110400010603,0.6394000,4
1537,110400010604,0.7884190,3
1538,110400010801,1.0800300,2
1539,110400010802,2.0380199,3
1540,110400010803,0.6523220,4
1541,110400010804,1.8704700,3
1542,110400010805,0.3526340,2
1543,110400010806,2.1927500,4
1544,110400010807,1.7215700,4
1545,110400010901,1.5536000,2
1546,110400010902,1.9909101,4
1547,110400010903,2.3615301,3
1548,110400010904,2.9891500,4
1549,110400010905,2.6300199,4
1550,110400010906,1.6574100,2
1551,110400010907,0.0636285,2
1552,110400010908,0.6302730,4
1553,110400011003,1.1617000,3
1554,110400020205,1.1126000,3
1555,110400020207,1.8125800,3
1556,110400020209,1.0486701,3
1557,110400020301,4.2007298,2
1558,110400020302,2.3005500,3
1559,110400020303,0.3002910,3
1560,110400020501,3.3181701,3
1561,110400020502,0.0439351,2
1562,110400020503,6.3831100,2
1563,110400020504,7.2493501,5
1564,110400020505,2.5799100,2
1565,110400020506,8.3726997,5
1566,110400020507,1.4004900,5
1567,110400020508,11.0354996,5
1568,110400030101,7.6978102,2
1569,110400030102,6.4349899,2
1570,110400030103,1.6650600,1
1571,110400030104,9.5033302,4
1572,110400030105,17.5055008,3
1573,110400030106,4.2119899,4
1574,110400030201,5.4097400,2
1575,110400030203,4.3108401,2
1576,110400030301,4.8662500,-999
1577,110400030302,19.7595997,2
1578,110400030303,10.9238005,3
1579,110400030304,3.9905400,2
1580,110400040101,7.9058299,2
1581,110400040102,7.5773301,3
1582,110400040103,4.6612401,3
1583,110400040104,8.4782696,3
1584,110400040201,9.1782703,3
1585,110400040202,8.3940001,4
1586,110400040301,14.2116003,4
1587,110400040302,0.0406392,1
1588,110400040303,12.3048000,4
1589,110400050101,4.3351998,3
1590,110400050102,5.4113598,4
1591,110400050103,1.9881600,3
1592,110400050104,6.4931798,4
1593,110400050105,5.7909002,2
1594,110400050106,5.5586100,4
1595,110400050107,3.9399600,4
1596,110400050201,4.2180700,3
1597,110400050202,3.0361600,2
1598,110400050203,2.9902599,2
1599,110400050204,5.2531099,2
1600,110400050205,4.7081599,2
1601,110400050206,8.8282804,3
1602,110400050207,4.7033100,2
1603,110400050208,1.3223799,2
1604,110400050209,3.7702601,3
1605,110400050210,6.1288500,4
1606,110400050301,1.0019400,1
1607,110400050401,0.5496550,1
1608,110400050402,5.2718101,-999
1609,110400050403,4.8673701,2
1610,110400050501,0.7470020,2
1611,110400050502,5.7309399,2
1612,110400050503,4.2860398,2
1613,110800010101,0.0114258,3
1614,110800010201,0.0853039,1
1615,110800010301,0.0944341,2
1616,130100010101,0.1025690,2
1617,130100010102,0.2273070,3
1618,130100010103,0.2831700,3
1619,130100010104,0.9240000,3
1620,130100010105,0.8675200,3
1621,130100010106,3.2666700,4
1622,130100010201,2.6275799,3
1623,130100010202,1.6741400,3
1624,130100010203,0.4400350,2
1625,130100010204,1.3016400,3
1626,130100010205,2.6312101,3
1627,130100010301,0.3087220,2
1628,130100010302,0.2084340,2
1629,130100010303,3.5651500,3
1630,130100010304,2.1539299,4
1631,130100010401,0.0961165,2
1632,130100010402,2.2356300,2
1633,130100010501,0.3870380,3
1634,130100010502,0.0141562,3
1635,130100010503,0.5974610,3
1636,130100010601,0.0988357,2
1637,130100010602,0.6979160,3
1638,130100010701,0.2830430,3
1639,130100010702,1.1524301,4
1640,130100010801,0.4755540,3
1641,130100010802,0.9306250,3
1642,130100010901,0.5840330,2
1643,130100010902,0.0892415,1
1644,130100010903,1.4087000,3
1645,130100011001,0.0632617,2
1646,130100011002,7.2207499,4
1647,130100011003,0.2825990,2
1648,130100011004,0.1263000,3
1649,130100011005,2.1174600,4
1650,130100011006,3.0177200,4
1651,130100011007,0.4033800,2
1652,130100011008,2.9714799,4
1653,130100011101,0.4148290,3
1654,130100011102,0.9092750,3
1655,130100011103,1.0094200,3
1656,130100011104,1.1510100,3
1657,130100011105,0.3734690,2
1658,130100011106,2.1638999,4
1659,130100011201,0.3515760,3
1660,130100011202,0.9980100,2
1661,130100011203,0.9263390,3
1662,130100011301,0.7590590,5
1663,130100011302,0.0232056,2
1664,130100011303,0.2470440,2
1665,130100011304,7.9264498,5
1666,130100011305,1.5476600,2
1667,130100011306,9.2327099,5
1668,130100011307,7.4074702,5
1669,130100020101,0.0465993,4
1670,130100020102,0.3829790,3
1671,130100020103,0.0054841,2
1672,130100020104,7.2411499,4
1673,130100020201,0.6762310,3
1674,130100020202,13.4996996,3
1675,130100020203,10.4778996,4
1676,130100020204,0.3745330,3
1677,130100020205,62.4336014,4
1678,130100020206,45.9860001,4
1679,130100020207,41.2733994,4
1680,130100020301,0.0001723,3
1681,130100020302,0.9725530,3
1682,130100020303,0.5995240,3
1683,130100020304,1.2054600,3
1684,130100020305,5.6609502,3
1685,130100020306,39.2281990,4
1686,130100020401,0.3645130,3
1687,130100020402,3.8956001,4
1688,130100020403,0.0862580,2
1689,130100020404,0.1524770,3
1690,130100020405,0.7708630,2
1691,130100020406,5.7389798,3
1692,130100020407,6.6300702,4
1693,130100020408,43.5696983,4
1694,130100020409,0.9068760,3
1695,130100020410,2.0464399,3
1696,130100020411,122.2860031,4
1697,130100020501,0.6148210,2
1698,130100020502,0.5790580,3
1699,130100020503,1.0569900,2
1700,130100020504,0.7884090,3
1701,130100020505,2.3628500,3
1702,130100020601,0.2050580,2
1703,130100020602,0.4952890,2
1704,130100020603,6.2311602,3
1705,130100020604,3.7362199,2
1706,130100020605,22.8964005,3
1707,130100020606,0.7358350,2
1708,130100020607,43.1464005,3
1709,130100020608,4.0774102,-999
1710,130100020609,23.8111000,3
1711,130100020701,2.6185801,3
1712,130100020702,0.2992780,2
1713,130100020704,1.5368299,3
1714,130100020705,71.3954010,5
1715,130100020706,27.8178005,5
1716,130100020707,35.3923988,5
1717,130100020708,7.6643701,-999
1718,130100020709,5.2840500,-999
1719,130100020710,116.0250015,5
1720,130100020712,45.5111008,5
1721,130100020801,5.8657598,3
1722,130100020802,6.7823501,3
1723,130100020901,1.4115800,2
1724,130100020902,1.2795300,3
1725,130100020903,2.9233401,2
1726,130100020904,8.2607698,4
1727,130100020905,3.9984400,4
1728,130100020906,12.1976995,4
1729,130100021001,0.0377883,2
1730,130100021002,35.7225990,4
1731,130100021101,22.9046993,6
1732,130100021102,10.1866999,6
1733,130100021103,15.3063002,2
1734,130100021104,3.6493800,3
1735,130100021105,1.3859299,6
1736,130100030101,0.7562670,2
1737,130100030102,2.5595701,3
1738,130100030103,2.8127401,3
1739,130100030201,0.7660800,3
1740,130100030202,7.3521600,4
1741,130100030203,11.2248001,4
1742,130100030301,11.6828003,5
1743,130100030302,0.1173240,2
1744,130100030303,32.6464005,5
1745,130100030401,4.2830601,5
1746,130100030402,3.4162500,-999
1747,130100030403,16.3862000,5
1748,130100030404,25.3698006,2
1749,130100030405,19.1758995,3
1750,130100030406,13.0986996,-999
1751,130100030407,13.4829998,2
1752,130100030408,138.9080048,5
1753,130100030501,4.2107301,2
1754,130100030502,27.1270008,2
1755,130100030503,17.7420006,-999
1756,130100030504,66.4469986,2
1757,130100030601,7.7544398,2
1758,130100030602,33.7522011,3
1759,130100030603,54.3825989,1
1760,130100030604,3.0846400,3
1761,130100030605,23.8686008,2
1762,130100030606,8.0309200,2
1763,130100030607,73.7362976,1
1764,130100030702,47.1996002,-999
1765,130100030703,119.7269974,3
1766,130100040101,0.3326590,3
1767,130100040102,0.0034125,4
1768,130100040103,0.6895130,2
1769,130100040104,0.2040030,4
1770,130100040105,0.7393600,4
1771,130100040201,0.2158930,2
1772,130100040202,0.4549960,2
1773,130100040203,0.6532120,2
1774,130100040204,1.0463400,3
1775,130100040205,3.2509401,4
1776,130100040301,0.2561700,3
1777,130100040302,1.2257200,3
1778,130100040303,0.7863880,2
1779,130100040304,0.6008740,1
1780,130100040305,0.7537680,4
1781,130100040306,1.4298900,4
1782,130100040307,7.9129901,4
1783,130100040401,0.3360380,2
1784,130100040402,0.7125280,2
1785,130100040403,0.3527530,4
1786,130100040404,1.6651100,4
1787,130100040405,17.6401005,4
1788,130100040406,37.3524017,4
1789,130100040501,0.0042840,3
1790,130100040502,1.1382200,3
1791,130100040503,1.6109600,3
1792,130100040504,48.9294014,3
1793,130100040601,0.0201951,2
1794,130100040602,4.6794901,3
1795,130100040603,26.4584007,2
1796,130100040604,17.2175007,2
1797,130100040605,29.5002995,4
1798,130100040606,13.1443005,4
1799,130100040607,59.6473999,4
1800,130100040608,66.8349991,3
1801,130100040609,0.4257590,-999
1802,130100040610,1.4210800,-999
1803,130100040611,77.7987976,3
1804,130100040701,0.4394270,2
1805,130100040702,3.5684099,4
1806,130100040703,1.1433300,3
1807,130100040704,17.3962994,4
1808,130100040705,11.0209999,4
1809,130100040706,46.7631989,4
1810,130100050101,0.1927680,3
1811,130100050103,2.9846001,3
1812,130100050104,0.0007144,2
1813,130100050105,0.0458846,3
1814,130100050106,0.0083536,3
1815,130100050107,0.0287030,3
1816,130100050108,0.7650060,3
1817,130100050109,1.2510000,3
1818,130100050201,0.3152280,3
1819,130100050203,0.5180390,3
1820,130100050204,0.6616580,4
1821,130100050302,0.0227257,4
1822,130100050303,7.2629900,4
1823,130100050304,44.5204010,4
1824,130100050401,2.4799399,4
1825,130100050402,0.8140080,3
1826,130100050403,1.2555100,2
1827,130100050404,0.1176420,3
1828,130100050405,3.6405799,4
1829,130100050406,15.8949003,4
1830,130100050407,44.6637001,5
1831,130100050408,45.2095985,5
1832,130201010106,21.9088993,4
1833,130201010107,4.1473799,-999
1834,130201010108,2.8542299,2
1835,130201010109,2.7630999,1
1836,130201010110,7.8863902,4
1837,130201010201,0.0356672,6
1838,130201020201,0.6816540,3
1839,130201020202,0.0028629,3
1840,130201020204,0.0045712,2
1841,130201020205,0.2696710,3
1842,140100010101,0.1950250,2
1843,140100010102,0.9389660,3
1844,140100010103,1.0248700,3
1845,140100010104,3.8399701,3
1846,140100010201,0.8105110,3
1847,140100010202,0.6512220,2
1848,140100010203,1.9115601,4
1849,140100010204,0.1598970,3
1850,140100010205,2.9210501,3
1851,140100010206,3.3825400,4
1852,140100010207,4.3140302,3
1853,140100010208,0.2919640,2
1854,140100010209,2.2228100,4
1855,140100010210,4.9027801,5
1856,140100010301,0.1392710,3
1857,140100010302,1.9611700,3
1858,140100010303,6.0385399,4
1859,140100010304,0.6672860,2
1860,140100010305,1.3732300,3
1861,140100010306,0.3004140,2
1862,140100010307,1.4280699,3
1863,140100010308,36.6267014,4
1864,140100010309,3.1917000,5
1865,140100010401,0.8051280,2
1866,140100010402,1.0746100,3
1867,140100010403,0.3700300,4
1868,140100010404,4.0840602,4
1869,140100010405,0.5468460,4
1870,140100010406,1.4371500,4
1871,140100010407,8.1686802,5
1872,140100010501,4.0287099,5
1873,140100010502,0.1291270,3
1874,140100010503,0.7630990,5
1875,140100010504,2.3963799,6
1876,140100010601,1.5413200,6
1877,140100010602,0.2018430,4
1878,140100010603,1.6939000,4
1879,140100010604,1.6991000,3
1880,140100010605,3.0228801,4
1881,140100010606,11.2231998,6
1882,140100010701,0.7782890,4
1883,140100010702,1.2221800,3
1884,140100010703,1.9713900,4
1885,140100010704,1.6008000,4
1886,140100010705,0.7174280,4
1887,140100010706,1.9930900,3
1888,140100010707,1.1734900,3
1889,140100010708,5.2858500,4
1890,140100010709,3.7969301,4
1891,140100010801,1.4434600,4
1892,140100010802,0.5830480,4
1893,140100010803,0.4814310,4
1894,140100010901,5.4837198,6
1895,140100010902,0.3958140,6
1896,140100010903,0.3791090,3
1897,140100010904,0.7809990,3
1898,140100010905,1.6954000,6
1899,140100010906,2.2848699,6
1900,140100011001,0.6898160,3
1901,140100011002,0.0123009,4
1902,140100011003,2.4428699,3
1903,140100011004,0.7391590,3
1904,140100011005,1.5045600,4
1905,140100011006,1.5780900,4
1906,140100011101,0.6622230,3
1907,140100011102,0.7383610,4
1908,140100011201,0.4912910,4
1909,140100011202,0.4728220,3
1910,140100011203,0.7650790,4
1911,140100011301,1.0815500,3
1912,140100011302,0.6438780,3
1913,140100011303,0.5367140,3
1914,140100011401,1.6167300,3
1915,140100011402,0.7301460,3
1916,140100011501,2.5269001,6
1917,140100011502,0.4887050,3
1918,140100011503,2.0005000,6
1919,140100011504,0.2187730,2
1920,140100011505,2.7337101,6
1921,140100011506,0.0124853,2
1922,140100011507,1.8111500,6
1923,140100011508,7.0728102,6
1924,140100011601,0.6066640,2
1925,140100011602,1.1355799,2
1926,140100011603,0.3587030,3
1927,140100011604,2.7192400,6
1928,140100020101,0.5373150,3
1929,140100020102,0.6195410,3
1930,140100020103,0.7338000,3
1931,140100020104,0.8475240,3
1932,140100020201,0.1760040,3
1933,140100020202,0.5143810,3
1934,140100020203,0.5038030,3
1935,140100020301,2.7930300,2
1936,140100020302,0.5223590,3
1937,140100020303,0.4984730,2
1938,140100020304,1.0667599,3
1939,140100020401,13.9799995,4
1940,140100020501,1.9324300,4
1941,140100020502,1.2587800,4
1942,140100020503,3.2196100,4
1943,140100020504,10.5782003,4
1944,140100020601,0.0622765,3
1945,140100020602,1.5555500,4
1946,140100020603,3.9559400,4
1947,140100030101,0.4022430,3
1948,140100030102,0.3280310,3
1949,140100030103,0.8628860,4
1950,140100030201,0.2128720,2
1951,140100030202,0.4248690,3
1952,140100030203,0.2084970,4
1953,140100030204,1.8053800,3
1954,140100030205,1.4011700,3
1955,140100030206,0.8720900,4
1956,140100030207,0.1188410,4
1957,140100030208,1.3573500,2
1958,140100030209,1.3472600,4
1959,140100030301,1.3791000,4
1960,140100030302,0.4801260,4
1961,140100030303,1.8667901,3
1962,140100030304,0.7052350,4
1963,140100030305,1.0535300,4
1964,140100030306,0.8094920,4
1965,140100030401,0.5912070,4
1966,140100030402,0.4988970,3
1967,140100030403,0.3640740,2
1968,140100030404,0.8820480,4
1969,140100030405,2.1881299,5
1970,140100030501,0.5719230,3
1971,140100030502,0.3922710,4
1972,140100030503,1.1053900,4
1973,140100030601,0.8337740,4
1974,140100030602,0.4020960,5
1975,140100030603,2.6937900,5
1976,140100030604,0.2356310,5
1977,140100030605,2.8305099,5
1978,140100030606,3.4758799,5
1979,140100040101,0.7174120,3
1980,140100040102,0.4386220,3
1981,140100040103,0.3927730,2
1982,140100040104,0.7755360,3
1983,140100040105,0.8073920,3
1984,140100040106,1.5259000,3
1985,140100040201,0.5517590,3
1986,140100040202,0.7487810,2
1987,140100040203,0.7218350,4
1988,140100040301,0.2491120,2
1989,140100040302,1.1079500,3
1990,140100040401,0.9373240,3
1991,140100040402,1.5728600,3
1992,140100040403,1.8299100,4
1993,140100040501,0.8406600,3
1994,140100040502,0.9174580,3
1995,140100040503,0.9032470,4
1996,140100040504,1.3786500,4
1997,140100040505,3.8903699,4
1998,140100040506,1.0194800,4
1999,140100040507,1.2453300,4
2000,140100040601,0.9731710,2
2001,140100040602,1.4842000,4
2002,140100040603,2.5482099,4
2003,140100040701,0.1747760,3
2004,140100040702,0.3021450,3
2005,140100040703,1.8077500,3
2006,140100040704,0.4876520,3
2007,140100040705,1.0796800,3
2008,140100040706,0.9869910,2
2009,140100040707,1.0077800,3
2010,140100040708,1.3834000,4
2011,140100040709,2.9727199,5
2012,140100040801,1.3651299,3
2013,140100040802,10.3188000,5
2014,140100040901,0.5571330,3
2015,140100040902,1.0675000,3
2016,140100040903,1.0303800,3
2017,140100041001,0.9210270,2
2018,140100041002,0.6932900,2
2019,140100041003,3.7529099,5
2020,140100050101,1.5203800,3
2021,140100050102,4.5735502,6
2022,140100050201,0.1995380,4
2023,140100050202,0.9109330,3
2024,140100050203,0.7215010,4
2025,140100050204,1.3320500,5
2026,140100050205,1.0428500,3
2027,140100050206,0.8182680,5
2028,140100050301,0.3547860,3
2029,140100050302,0.6674600,3
2030,140100050303,0.9358800,2
2031,140100050304,0.9457080,3
2032,140100050305,0.1206740,2
2033,140100050306,0.9295530,3
2034,140100050307,0.6951760,4
2035,140100050308,0.9486170,4
2036,140100050401,0.0029615,2
2037,140100050402,0.6469060,2
2038,140100050403,0.0084853,3
2039,140100050404,1.6812000,3
2040,140100050501,0.9229060,3
2041,140100050502,0.7921800,3
2042,140100050503,1.3436300,3
2043,140100050504,1.7640899,4
2044,140100050505,3.8718400,4
2045,140100050601,0.0074616,2
2046,140100050602,1.1986700,3
2047,140100050603,6.7964902,6
2048,140100050604,11.0403004,6
2049,140100050701,6.1406598,6
2050,140100050702,5.5489998,6
2051,140100050703,2.6402600,6
2052,140100050801,0.3773860,3
2053,140100050802,0.9859140,4
2054,140100050803,0.6347920,3
2055,140100050804,0.4639800,5
2056,140100050805,3.4795001,5
2057,140100050901,0.2802830,3
2058,140100050902,1.2292000,4
2059,140100050903,0.7851020,3
2060,140100050904,1.3203501,3
2061,140100050905,0.0031627,2
2062,140100050906,0.1500390,3
2063,140100050907,0.9167680,3
2064,140100050908,1.0743001,4
2065,140100050909,2.2306900,5
2066,140100051001,2.2648699,5
2067,140100051002,1.2085800,3
2068,140100051003,1.5049400,3
2069,140100051004,1.6901700,3
2070,140100051005,1.4972301,4
2071,140100051006,5.3669400,5
2072,140100051101,0.0013299,2
2073,140100051102,0.4885850,3
2074,140100051103,0.5753190,3
2075,140100051104,0.0042079,2
2076,140100051105,0.4405660,3
2077,140100051106,0.2930740,3
2078,140100051107,1.3203200,4
2079,140100051108,0.8640560,5
2080,140100051201,1.1814801,3
2081,140100051202,3.9192600,3
2082,140100051203,0.2521810,2
2083,140100051204,1.2486399,5
2084,140100051301,0.6637850,3
2085,140100051302,1.5829700,3
2086,140100051303,0.8983840,5
2087,140100051304,1.1797700,3
2088,140100051305,0.8444930,2
2089,140100051306,1.2249200,5
2090,140100051307,1.7563500,2
2091,140100051308,0.6933790,3
2092,140100051309,2.2469101,5
2093,140100051310,2.2109900,5
2094,140100051401,0.4752830,3
2095,140100051402,4.6439400,6
2096,140100051403,1.3286200,6
2097,140100051404,3.9905801,6
2098,140100051405,0.0291324,3
2099,140100051406,9.0626602,6
2100,140100051407,2.9449999,6
2101,140100051408,0.3229260,3
2102,140100051409,0.3349400,3
2103,140100051410,0.7594300,4
2104,140100051411,0.3046870,2
2105,140100051412,3.1492701,6
2106,140100051501,0.0040306,2
2107,140100051502,7.3571200,6
2108,140100051503,12.0937004,6
2109,140100051601,1.1210800,3
2110,140100051602,0.1894040,3
2111,140100051603,1.1939900,3
2112,140100051604,0.2404280,2
2113,140100051605,0.1283310,3
2114,140100051606,13.4123001,7
2115,140100051607,0.5125590,7
2116,140100051608,9.0964098,3
2117,140100051609,1.1666300,3
2118,140100051610,0.7871450,3
2119,140100051611,1.8085200,4
2120,140100051612,5.6009402,4
2121,140100051613,1.9405299,4
2122,140100051614,0.5433380,2
2123,140100051615,20.0634003,7
2124,140100051701,0.7674560,2
2125,140100051702,1.5621400,3
2126,140100051703,2.0340199,3
2127,140100051704,2.8052399,3
2128,140100051705,3.1614699,4
2129,140100051801,0.8389200,2
2130,140100051802,0.8968760,4
2131,140100051803,1.4581800,4
2132,140100051804,0.0566466,2
2133,140100051805,4.1841502,4
2134,140100051806,0.6013690,3
2135,140100051807,3.8336501,7
2136,140100051901,5.3203301,7
2137,140100051902,0.0154853,2
2138,140100051903,0.0677438,2
2139,140100051904,0.0832258,3
2140,140100051905,4.7726402,7
2141,140100051906,1.3779500,7
2142,140200010101,0.7126030,4
2143,140200010102,0.2545260,4
2144,140200010103,0.8864550,4
2145,140200010104,1.0612700,3
2146,140200010105,0.0771809,3
2147,140200010106,2.7821600,4
2148,140200010107,8.0774803,5
2149,140200010108,0.9607740,3
2150,140200010109,0.2407120,2
2151,140200010110,0.3395750,3
2152,140200010111,1.2153800,3
2153,140200010112,0.4842300,2
2154,140200010113,3.6536701,5
2155,140200010201,0.2908560,2
2156,140200010202,0.5568080,3
2157,140200010203,1.3915300,4
2158,140200010204,0.3608850,3
2159,140200010205,0.9460790,3
2160,140200010206,3.0020399,4
2161,140200010207,1.1550500,3
2162,140200010208,0.7462810,2
2163,140200010209,0.0386950,3
2164,140200010210,4.5902901,5
2165,140200020102,0.4650020,3
2166,140200020103,0.6900060,3
2167,140200020104,0.7117850,4
2168,140200020105,2.8853500,4
2169,140200020106,6.9468699,4
2170,140200020107,8.4289703,5
2171,140200020201,0.3450200,3
2172,140200020202,0.3082350,3
2173,140200020203,1.8698800,5
2174,140200020204,14.8516998,6
2175,140200020301,0.6814260,2
2176,140200020302,1.1937600,3
2177,140200020401,0.9098420,2
2178,140200020402,0.5980350,3
2179,140200020403,11.9428997,6
2180,140200020501,0.2242470,4
2181,140200020502,0.5825870,3
2182,140200020503,0.4591230,4
2183,140200020504,1.0150200,2
2184,140200020505,1.7930300,4
2185,140200020506,0.8958190,2
2186,140200020507,1.7569799,4
2187,140200020508,1.6298701,4
2188,140200020509,2.6896701,4
2189,140200020510,1.4623400,4
2190,140200020511,1.2567500,4
2191,140200020601,1.3915499,4
2192,140200020602,3.1198699,4
2193,140200020603,0.5470000,3
2194,140200020604,0.9262280,3
2195,140200020605,1.4621300,4
2196,140200020606,1.2256401,4
2197,140200020607,1.3535700,4
2198,140200020608,1.3077800,4
2199,140200020609,0.3207970,2
2200,140200020610,0.8254230,3
2201,140200020611,2.9607999,4
2202,140200020701,0.4250490,3
2203,140200020702,0.0262942,2
2204,140200020703,0.9704040,1
2205,140200020704,0.5476580,2
2206,140200020705,1.7742200,3
2207,140200020706,22.3104992,6
2208,140200020801,1.1845700,2
2209,140200020802,0.3718420,3
2210,140200020803,1.5493100,3
2211,140200020901,2.1361599,2
2212,140200020902,0.7023880,3
2213,140200020903,0.6594370,2
2214,140200020904,1.1998000,3
2215,140200020905,1.9085100,3
2216,140200020906,0.7070430,4
2217,140200021001,0.9994270,2
2218,140200021002,1.3551800,2
2219,140200021003,0.5561470,6
2220,140200021004,1.6149700,3
2221,140200021005,3.5847199,6
2222,140200021101,0.6098690,6
2223,140200021102,1.1173000,2
2224,140200021103,0.7656980,6
2225,140200021201,0.2024330,3
2226,140200021202,0.7583500,3
2227,140200021203,0.7529670,3
2228,140200021204,1.6243800,4
2229,140200021205,1.2849801,4
2230,140200021206,2.7794900,6
2231,140200030101,0.2551810,2
2232,140200030102,0.4665230,2
2233,140200030103,1.1199700,4
2234,140200030104,0.5527930,4
2235,140200030105,2.9434400,4
2236,140200030201,0.9548140,3
2237,140200030202,5.3383198,3
2238,140200030301,0.2971680,3
2239,140200030302,0.6072070,3
2240,140200030303,1.0133500,4
2241,140200030304,0.5266350,2
2242,140200030305,3.4361501,4
2243,140200030401,2.0638299,4
2244,140200030402,0.5192690,2
2245,140200030403,8.5564404,4
2246,140200030404,1.8371300,3
2247,140200030405,5.4519801,5
2248,140200030501,1.9131900,2
2249,140200030502,0.6827650,2
2250,140200030503,1.6730100,3
2251,140200030504,1.0225500,3
2252,140200030505,3.9714200,3
2253,140200030506,4.0403299,4
2254,140200030507,2.5108800,3
2255,140200030508,2.5872900,4
2256,140200030509,3.8074501,5
2257,140200030601,3.0542200,5
2258,140200030602,0.4193930,2
2259,140200030603,0.6385020,5
2260,140200030604,1.2405699,5
2261,140200030605,12.3122997,5
2262,140200040101,1.5109800,3
2263,140200040102,0.8149780,3
2264,140200040103,1.2710201,4
2265,140200040201,0.5884540,3
2266,140200040202,0.4144610,4
2267,140200040203,0.4129080,4
2268,140200040204,1.8550900,4
2269,140200040301,0.8485380,4
2270,140200040302,0.2490270,3
2271,140200040303,0.1906260,2
2272,140200040304,0.4291870,3
2273,140200040305,0.4220200,2
2274,140200040306,0.7546640,4
2275,140200040307,1.7106900,4
2276,140200040401,1.1970000,4
2277,140200040402,0.1180600,2
2278,140200040403,2.1563699,5
2279,140200040404,0.0768740,2
2280,140200040405,0.7824450,3
2281,140200040406,0.5287800,3
2282,140200040407,1.1717300,3
2283,140200040408,3.1045599,5
2284,140200040501,0.2745510,2
2285,140200040502,0.0531028,1
2286,140200040503,5.2342501,5
2287,140200040504,0.9345450,2
2288,140200040505,1.3694100,3
2289,140200040506,0.8013240,3
2290,140200040507,2.6990199,5
2291,140200040508,3.0262699,5
2292,140200050101,0.3477020,3
2293,140200050102,1.6429700,2
2294,140200050103,2.9735401,6
2295,140200050104,0.1258510,2
2296,140200050105,4.2855000,6
2297,140200050106,2.2138400,3
2298,140200050107,0.9303290,4
2299,140200050108,1.8297800,4
2300,140200050109,0.6008950,4
2301,140200050110,2.0965400,4
2302,140200050111,5.4390302,3
2303,140200050112,4.0611901,4
2304,140200050113,4.1285100,6
2305,140200050114,10.1066999,6
2306,140200050201,0.6603780,4
2307,140200050202,2.1545899,3
2308,140200050203,2.5854001,4
2309,140200050204,2.2403400,3
2310,140200050205,2.4179499,4
2311,140200050301,0.7870550,3
2312,140200050302,0.9612810,2
2313,140200050303,1.8511699,4
2314,140200050304,1.2957500,3
2315,140200050305,1.7929300,2
2316,140200050306,2.9074700,6
2317,140200050401,0.5176450,3
2318,140200050402,0.7072360,3
2319,140200050403,1.6024801,4
2320,140200050404,2.2480400,4
2321,140200050501,9.6405802,6
2322,140200050502,1.6534300,3
2323,140200050503,3.9240100,6
2324,140200050504,2.0520599,6
2325,140200050505,7.2303100,6
2326,140200050601,0.7806090,3
2327,140200050602,1.4593800,3
2328,140200050603,1.7420599,3
2329,140200050604,1.6829400,4
2330,140200050701,0.8498540,2
2331,140200050702,1.9073100,3
2332,140200050703,0.6684150,2
2333,140200050704,4.2722802,3
2334,140200050705,4.0649700,3
2335,140200050706,3.0872900,4
2336,140200050707,6.7417898,6
2337,140200050801,0.4646150,6
2338,140200050802,1.2385300,3
2339,140200050803,10.4133997,6
2340,140200060101,0.9600800,2
2341,140200060102,1.7238400,3
2342,140200060201,0.1999360,3
2343,140200060202,0.3592560,3
2344,140200060203,0.7054540,3
2345,140200060204,0.4924760,2
2346,140200060205,6.4879098,3
2347,140200060206,0.4686680,2
2348,140200060207,0.9347370,3
2349,140200060208,2.2093999,3
2350,140200060209,4.4828000,4
2351,140200060301,0.8417410,4
2352,140200060302,1.0916400,4
2353,140200060303,2.3719900,4
2354,140200060401,3.5690401,3
2355,140200060402,1.2157900,2
2356,140200060403,7.5805998,4
2357,140200060404,0.5622070,2
2358,140200060405,0.2167410,1
2359,140200060406,5.3943501,4
2360,140200060407,11.2754002,4
2361,140200060501,1.1285800,3
2362,140200060502,1.8896199,4
2363,140200060503,3.8272600,4
2364,140200060504,2.6447799,4
2365,140200060505,7.5535898,4
2366,140200060601,0.0939578,2
2367,140200060602,1.4385200,3
2368,140200060603,3.8168800,4
2369,140200060605,0.0373509,3
2370,140200060606,29.8148994,5
2371,140300010103,0.0592956,3
2372,140300010301,0.2569240,4
2373,140300010302,1.3093899,3
2374,140300010303,4.2092500,5
2375,140300010304,1.3553600,5
2376,140300010305,0.0030549,3
2377,140300010306,1.2896200,5
2378,140300010307,2.0884500,5
2379,140300010501,1.3148600,4
2380,140300020101,0.2819370,3
2381,140300020102,2.7299399,4
2382,140300020103,0.6726250,4
2383,140300020104,1.1558501,3
2384,140300020105,2.6826799,4
2385,140300020201,0.0708570,3
2386,140300020202,0.4101950,3
2387,140300020203,0.2363690,3
2388,140300020204,0.5327200,4
2389,140300020205,0.2265460,2
2390,140300020206,0.7125950,4
2391,140300020207,0.9890390,4
2392,140300020208,1.1375700,2
2393,140300020209,2.1969700,5
2394,140300020301,0.0316303,3
2395,140300020302,2.4298799,5
2396,140300020303,0.3963470,3
2397,140300020304,0.8318040,3
2398,140300020305,2.5028601,3
2399,140300020306,2.7221100,5
2400,140300020307,0.7678200,4
2401,140300020308,13.1274004,5
2402,140300020401,2.0639000,3
2403,140300020402,0.5519520,3
2404,140300020403,0.7754160,3
2405,140300020404,0.4034680,3
2406,140300020405,0.8089130,3
2407,140300020406,2.7676499,5
2408,140300020501,0.0170683,2
2409,140300020502,0.5224890,2
2410,140300020503,0.7135960,3
2411,140300020504,0.7300490,2
2412,140300020505,1.7429900,3
2413,140300020506,1.0899500,3
2414,140300020507,0.5912820,3
2415,140300020508,2.5437500,4
2416,140300020509,0.5618910,2
2417,140300020510,2.7550900,4
2418,140300020511,0.7374800,4
2419,140300020512,1.3421000,4
2420,140300020513,2.5336900,5
2421,140300020601,1.4820300,5
2422,140300020602,0.7137520,5
2423,140300020603,2.4216800,5
2424,140300020604,2.6414199,5
2425,140300020605,4.2887001,5
2426,140300020701,0.4687960,5
2427,140300020702,1.2836800,3
2428,140300020703,0.0052712,2
2429,140300020705,0.8452160,5
2430,140300020706,4.5183201,5
2431,140300020803,0.3471120,4
2432,140300020804,1.2847300,4
2433,140300020903,0.6494230,4
2434,140300020904,0.6235710,4
2435,140300021001,3.5303400,3
2436,140300021002,2.3126299,5
2437,140300021003,0.5355340,3
2438,140300021004,0.2077540,2
2439,140300021005,3.9197900,5
2440,140300021101,2.0593901,2
2441,140300021102,0.4345240,2
2442,140300021103,6.2745399,5
2443,140300021104,6.4939499,5
2444,140300030101,0.0440588,3
2445,140300030102,0.8579830,2
2446,140300030103,0.6948610,3
2447,140300030104,0.0071738,2
2448,140300030105,0.0025576,2
2449,140300030106,1.0624501,4
2450,140300030107,0.2132410,2
2451,140300030108,0.6941100,3
2452,140300030109,0.2754780,3
2453,140300030110,0.1459720,3
2454,140300030111,0.7088120,3
2455,140300030112,1.8291100,4
2456,140300030201,1.1302201,2
2457,140300030202,0.3163930,3
2458,140300030203,0.7338610,3
2459,140300030301,0.5407430,4
2460,140300030302,0.2419080,3
2461,140300030303,1.3941600,4
2462,140300030304,0.7377390,5
2463,140300030305,1.2738900,5
2464,140300030306,0.5261800,3
2465,140300030307,1.4829500,5
2466,140300030401,2.6978900,4
2467,140300030402,0.9601900,4
2468,140300030403,0.3369580,2
2469,140300030404,0.4147480,4
2470,140300030405,3.7235799,1
2471,140300030406,1.2478300,2
2472,140300030407,1.2253200,4
2473,140300030408,0.8480350,2
2474,140300030409,0.9367570,3
2475,140300030410,0.7869720,4
2476,140300030501,1.1051400,3
2477,140300030502,0.0348446,4
2478,140300030503,1.0635000,3
2479,140300030504,4.0515499,4
2480,140300030505,1.5089900,4
2481,140300030601,0.1201070,2
2482,140300030602,0.6636070,3
2483,140300030603,1.4715000,3
2484,140300030604,0.3216140,3
2485,140300030605,1.3379101,4
2486,140300030701,0.5203030,3
2487,140300030702,2.0012500,5
2488,140300030703,2.5210099,5
2489,140300030704,2.2148299,5
2490,140300030705,1.3142999,3
2491,140300030706,0.4763190,3
2492,140300030707,3.8554399,5
2493,140300040101,1.5192000,3
2494,140300040102,1.1783400,4
2495,140300040203,1.5353200,3
2496,140300040301,1.2488400,4
2497,140300040302,2.0552499,4
2498,140300040303,0.2459340,4
2499,140300040304,1.0061200,4
2500,140300040305,0.0189811,2
2501,140300040306,1.3296900,4
2502,140300040401,2.7190001,6
2503,140300040402,0.7103260,4
2504,140300040403,1.4313800,6
2505,140300040404,0.3846950,6
2506,140300040405,1.0826200,3
2507,140300040406,3.0847900,6
2508,140300040407,0.8003490,2
2509,140300040408,0.0078910,6
2510,140300040503,0.0569648,6
2511,140300040602,0.1498310,3
2512,140401060907,2.2186201,3
2513,140401060908,3.7561300,7
2514,140401061001,5.0388198,7
2515,140401061002,8.5191097,7
2516,140401061004,0.0612842,4
2517,140401061005,0.0253769,3
2518,140401061006,0.8177080,3
2519,140401061007,0.3813650,4
2520,140401061008,3.3434601,8
2521,140401090108,0.0160680,4
2522,140401090109,0.9266850,5
2523,140401090201,0.0017176,3
2524,140401090202,0.8294430,4
2525,140401090203,0.4062040,4
2526,140401090306,0.3927290,4
2527,140401090307,1.6564400,4
2528,140401090309,0.0364247,5
2529,140401090310,1.2048200,3
2530,140401090311,2.5866599,5
2531,140401090312,2.0207200,5
2532,140401090313,2.6221800,5
2533,140500010101,0.8080790,3
2534,140500010102,3.3639801,3
2535,140500010103,2.3027999,4
2536,140500010104,1.1610200,2
2537,140500010105,0.5463460,4
2538,140500010106,1.0735101,4
2539,140500010107,4.4411602,5
2540,140500010108,0.5107350,3
2541,140500010109,1.3818700,4
2542,140500010110,0.4257870,3
2543,140500010111,3.8245699,5
2544,140500010201,0.3141850,3
2545,140500010202,0.2217060,3
2546,140500010203,0.2431890,4
2547,140500010204,1.8371100,4
2548,140500010205,0.4208840,4
2549,140500010206,4.5974798,3
2550,140500010207,1.8341500,4
2551,140500010208,0.3858360,5
2552,140500010209,0.8010560,5
2553,140500010301,1.5001100,3
2554,140500010302,1.1749500,3
2555,140500010303,0.1566180,3
2556,140500010304,0.7471890,5
2557,140500010305,5.4224901,5
2558,140500010306,5.4475698,5
2559,140500010401,0.6389600,5
2560,140500010402,0.1416850,2
2561,140500010403,0.1655450,2
2562,140500010404,1.4484400,4
2563,140500010405,1.7350700,3
2564,140500010406,6.7447000,5
2565,140500010407,0.9681420,5
2566,140500010408,0.6226710,3
2567,140500010409,0.9484750,5
2568,140500010410,4.2490301,6
2569,140500010501,1.8485800,3
2570,140500010502,1.0904000,4
2571,140500010503,0.5187000,3
2572,140500010504,2.4552000,3
2573,140500010505,1.7914701,4
2574,140500010506,1.3339300,4
2575,140500010507,3.3758900,6
2576,140500010508,0.1952080,2
2577,140500010509,0.4253250,3
2578,140500010510,1.3001200,2
2579,140500010511,2.5224400,6
2580,140500010601,1.1842099,3
2581,140500010602,0.3654750,2
2582,140500010603,0.6387710,3
2583,140500010604,1.1756800,3
2584,140500010605,1.3206400,3
2585,140500010606,3.1086700,4
2586,140500010607,2.2346599,4
2587,140500010701,1.0413300,3
2588,140500010702,1.0365200,3
2589,140500010703,0.8507470,4
2590,140500010704,0.6027360,4
2591,140500010705,0.6816480,3
2592,140500010706,1.0360900,3
2593,140500010707,1.7696199,4
2594,140500010708,1.7251900,4
2595,140500010709,2.2987700,6
2596,140500010801,0.0230408,4
2597,140500010802,0.3752570,4
2598,140500010803,0.5513690,4
2599,140500010804,0.8434410,4
2600,140500010901,0.1662580,2
2601,140500010902,0.8682350,3
2602,140500010903,0.2807490,4
2603,140500010904,0.4495620,4
2604,140500010905,1.6884700,4
2605,140500010906,1.3550200,5
2606,140500011001,0.5141240,3
2607,140500011002,2.2642300,5
2608,140500011003,0.6038090,3
2609,140500011004,1.2321200,5
2610,140500011005,2.5995500,5
2611,140500011101,0.6718530,3
2612,140500011102,0.3273010,3
2613,140500011103,3.5884099,3
2614,140500011104,8.3676901,6
2615,140500011105,7.9312501,6
2616,140500011106,8.7884102,6
2617,140500011107,0.0793579,4
2618,140500011108,10.6155005,6
2619,140500020101,0.9582860,3
2620,140500020102,1.7323400,3
2621,140500020103,1.6720500,3
2622,140500020104,1.8160400,4
2623,140500020105,2.3646500,4
2624,140500020106,3.5689499,4
2625,140500020201,4.0991502,6
2626,140500020202,0.8206540,3
2627,140500020203,1.9574400,3
2628,140500020204,1.3975900,4
2629,140500020205,7.4614201,6
2630,140500020301,0.8348860,3
2631,140500020302,1.8598500,4
2632,140500020303,2.2595501,4
2633,140500020304,3.3170099,4
2634,140500020305,4.1575198,5
2635,140500020401,1.7309400,3
2636,140500020402,0.2304020,2
2637,140500020403,1.1190701,3
2638,140500020404,1.6213400,4
2639,140500020405,2.5485899,4
2640,140500020406,7.1830602,6
2641,140500020501,1.6178700,3
2642,140500020502,2.5896699,4
2643,140500020503,5.6895800,6
2644,140500020504,1.1869400,4
2645,140500020505,1.7993100,6
2646,140500020506,0.6185240,2
2647,140500020507,4.1150198,6
2648,140500020508,4.3422799,6
2649,140500020509,2.8364100,6
2650,140500020601,0.3306710,3
2651,140500020602,0.0442893,3
2652,140500020603,5.0742102,7
2653,140500020604,0.9682500,7
2654,140500020605,0.2456350,2
2655,140500020606,0.8585120,7
2656,140500020608,0.9890470,7
2657,140500020609,0.0073376,7
2658,140500020610,0.0070225,3
2659,140500020611,0.4896640,4
2660,140500020612,0.5285890,7
2661,140500020613,0.0115358,3
2662,140500020614,3.0476201,7
2663,140500020615,0.0119365,3
2664,140500020616,1.6440099,7
2665,140500030101,0.2767660,3
2666,140500030102,0.4896460,4
2667,140500030103,0.0749705,3
2668,140500030104,0.3247380,4
2669,140500030105,0.9602050,3
2670,140500030106,0.6175520,4
2671,140500030109,0.1019340,3
2672,140500030110,2.1223400,4
2673,140500030301,0.3331200,3
2674,140500030302,0.6311040,4
2675,140500030303,2.1097600,5
2676,140500030401,1.0510200,3
2677,140500030402,1.6129600,4
2678,140500030403,3.4333000,3
2679,140500030404,2.2057600,4
2680,140500030701,3.6183300,4
2681,140500030702,0.5514890,5
2682,140500030703,1.4110200,3
2683,140500030705,5.2182298,6
2684,140500030801,1.4405100,2
2685,140500030802,1.7658800,3
2686,140500030803,0.9479720,2
2687,140500030804,1.8891300,6
2688,140500030808,0.0055542,4
2689,140500030809,3.3186500,6
2690,140500030901,3.1283100,6
2691,140500030902,3.2026000,6
2692,140500030903,2.7523999,6
2693,140500030904,1.5089200,3
2694,140500030905,7.8665500,6
2695,140500030906,0.3719040,4
2696,140500030907,8.1618099,6
2697,140500030908,0.0266243,3
2698,140500030909,5.5555301,6
2699,140500031003,0.6611950,3
2700,140500031004,0.8782530,3
2701,140500031005,0.0051900,4
2702,140500031006,1.4633700,4
2703,140500031008,1.8351901,4
2704,140500031101,0.9107810,3
2705,140500031102,5.2804699,6
2706,140500031103,2.9215901,6
2707,140500050101,2.0309701,3
2708,140500050102,0.6591440,4
2709,140500050103,0.2214720,3
2710,140500050104,1.8105900,4
2711,140500050105,1.1137500,5
2712,140500050106,0.2274180,3
2713,140500050107,0.1723970,2
2714,140500050108,2.5148399,5
2715,140500050201,1.0326500,3
2716,140500050202,0.1750330,3
2717,140500050203,1.1384600,4
2718,140500050204,0.9598010,4
2719,140500050205,3.2715099,5
2720,140500050301,1.8861600,3
2721,140500050302,0.7545380,3
2722,140500050303,0.1939130,2
2723,140500050304,1.5235800,3
2724,140500050305,3.6222899,5
2725,140500050306,2.6817000,3
2726,140500050307,2.7450900,4
2727,140500050308,0.8959390,3
2728,140500050309,0.8142610,3
2729,140500050310,7.5326200,5
2730,140500050401,2.2918100,3
2731,140500050402,0.6966930,5
2732,140500050403,1.9230900,5
2733,140500050404,0.8597330,3
2734,140500050405,1.2210701,4
2735,140500050406,8.8762798,5
2736,140500050407,0.8571490,2
2737,140500050408,3.7081900,5
2738,140500050501,1.2793100,3
2739,140500050502,5.3190598,6
2740,140500050503,0.5270180,3
2741,140500050504,0.9079800,2
2742,140500050505,1.3085700,4
2743,140500050506,2.4302800,5
2744,140500050507,3.8190300,6
2745,140500060101,0.2224780,4
2746,140500060102,0.4397550,4
2747,140500060103,0.9741270,3
2748,140500060104,0.7804250,4
2749,140500060105,1.9069300,4
2750,140500060106,2.1499200,4
2751,140500060107,1.2496001,5
2752,140500060108,1.1627899,3
2753,140500060109,1.7088300,5
2754,140500060110,1.6399100,5
2755,140500060201,1.3442000,3
2756,140500060202,1.0062200,3
2757,140500060203,1.9219199,5
2758,140500060204,0.6082740,3
2759,140500060205,2.0984700,5
2760,140500060206,3.6603000,5
2761,140500060207,0.6014100,3
2762,140500060208,0.3411310,3
2763,140500060209,0.9008680,5
2764,140500060210,1.9320400,5
2765,140500060211,2.2524099,5
2766,140500060301,1.4709500,4
2767,140500060302,2.3360000,4
2768,140500060303,1.0218500,3
2769,140500060304,1.1700500,3
2770,140500060305,1.0456700,4
2771,140500060306,1.2108500,3
2772,140500060307,2.5391099,4
2773,140500060308,1.8616199,4
2774,140500070101,1.0010300,3
2775,140500070102,0.7020070,4
2776,140500070103,0.8190500,4
2777,140500070104,0.8305890,3
2778,140500070105,2.4153500,5
2779,140500070106,1.0783700,4
2780,140500070201,0.8280240,4
2781,140500070202,1.4140400,4
2782,140500070203,0.8289840,3
2783,140500070204,0.6427810,3
2784,140500070205,2.4691899,4
2785,140500070206,1.7701200,5
2786,140500070301,1.2085299,5
2787,140500070302,1.7366600,3
2788,140500070303,1.1018100,5
2789,140500070304,2.0916400,5
2790,140500070401,6.3866000,6
2791,140500070402,2.0964799,3
2792,140500070403,0.7653540,5
2793,140500070404,1.0617599,4
2794,140500070405,1.2497100,5
2795,140500070406,5.4265399,6
2796,140500070407,8.2551098,6
2797,140500070501,1.1003100,4
2798,140500070502,0.1726390,4
2799,140500070503,0.0619565,3
2800,140500070504,10.2257996,6
2801,140500070506,0.0562018,4
2802,140500070507,1.3317800,4
2803,140500070508,3.5891399,6
2804,140500070510,1.8642000,6
2805,140500070601,0.7102440,3
2806,140500070602,0.3981840,3
2807,140500070603,1.0337300,4
2808,140500070604,1.4009600,3
2809,140500070605,0.1468140,4
2810,140500070606,1.8237900,4
2811,140500070608,0.3182030,3
2812,140600100501,0.2927110,4
2813,140600100601,0.5305460,2
2814,140600100602,1.6480401,8
2815,140801010101,0.2756490,3
2816,140801010102,0.2668890,3
2817,140801010103,0.1659990,2
2818,140801010104,1.0165700,3
2819,140801010201,0.1201970,1
2820,140801010202,0.1734380,3
2821,140801010203,0.4087570,2
2822,140801010204,1.4074000,4
2823,140801010301,0.0795839,2
2824,140801010302,0.2853520,3
2825,140801010303,1.5918100,3
2826,140801010304,1.2505900,3
2827,140801010305,1.1442500,4
2828,140801010306,1.3610801,4
2829,140801010401,0.6349490,2
2830,140801010402,0.4759370,4
2831,140801010403,0.7888420,3
2832,140801010404,1.5514500,4
2833,140801010405,0.1416940,2
2834,140801010406,0.1828850,4
2835,140801010407,1.6368099,4
2836,140801010408,1.4673001,5
2837,140801010601,0.3283170,2
2838,140801010602,0.5897250,3
2839,140801010603,0.8757870,3
2840,140801010604,0.6684250,2
2841,140801010605,0.3866030,3
2842,140801010606,2.0726600,3
2843,140801010607,0.9381850,3
2844,140801010608,0.8551750,3
2845,140801010610,1.0422200,5
2846,140801010701,0.6577540,2
2847,140801010702,2.1249499,5
2848,140801010703,0.6531940,2
2849,140801010704,0.9634840,3
2850,140801010705,2.3085301,6
2851,140801010801,0.0311972,3
2852,140801010802,0.2038500,1
2853,140801010803,9.3031902,6
2854,140801011102,0.6572290,3
2855,140801011103,1.4577700,3
2856,140801011104,0.6714480,3
2857,140801011105,0.3547080,3
2858,140801011106,0.6876050,3
2859,140801011201,0.6767420,3
2860,140801011202,0.7058700,3
2861,140801011203,0.7809760,3
2862,140801011204,0.3270350,2
2863,140801011205,10.9400997,4
2864,140801011301,0.3673480,2
2865,140801011302,1.0676900,2
2866,140801011303,2.8719599,3
2867,140801011401,1.8390000,4
2868,140801011402,0.5186190,2
2869,140801011403,7.7137098,4
2870,140801011501,1.6886400,2
2871,140801011502,3.8255401,4
2872,140801011503,0.0148968,2
2873,140801011504,1.5221400,2
2874,140801011505,1.3274100,2
2875,140801011506,3.6220801,4
2876,140801011507,0.2327570,4
2877,140801011601,1.4386600,2
2878,140801011602,2.0104599,6
2879,140801011801,0.2234420,2
2880,140801020101,1.3095400,3
2881,140801020102,0.7545820,3
2882,140801020103,2.8956699,3
2883,140801020104,0.3885040,4
2884,140801020201,0.2905790,2
2885,140801020202,1.0035100,2
2886,140801020203,0.4396780,2
2887,140801020204,0.6007060,4
2888,140801020205,1.2709700,4
2889,140801020206,0.8547750,4
2890,140801020301,0.4983280,2
2891,140801020302,1.0869000,2
2892,140801020401,1.1208000,2
2893,140801020402,1.1834700,3
2894,140801020403,0.5364010,3
2895,140801020404,0.9292040,3
2896,140801020405,1.0309000,3
2897,140801020501,1.3318501,4
2898,140801020502,2.5921400,4
2899,140801020503,7.5257301,6
2900,140801040101,1.2504400,3
2901,140801040102,0.4815290,3
2902,140801040103,1.2920400,3
2903,140801040104,1.7687401,4
2904,140801040201,0.4376470,2
2905,140801040202,0.9039860,3
2906,140801040203,0.4356450,4
2907,140801040301,0.1654410,3
2908,140801040302,0.7563550,4
2909,140801040303,0.2121420,2
2910,140801040304,0.9472060,4
2911,140801040401,0.0054460,3
2912,140801040402,0.3054400,2
2913,140801040403,0.3436620,3
2914,140801040404,0.2404820,3
2915,140801040405,0.4724340,3
2916,140801040406,0.3475030,4
2917,140801040407,1.6353900,5
2918,140801040501,1.4362600,4
2919,140801040502,3.7893701,2
2920,140801040503,4.4566698,5
2921,140801040504,7.6433401,5
2922,140801040601,1.2123500,5
2923,140801040602,0.5931250,3
2924,140801040603,0.7185680,3
2925,140801040604,2.4116800,5
2926,140801040701,0.2258680,3
2927,140801040702,0.7458170,3
2928,140801040703,2.4830101,3
2929,140801040704,1.4638900,3
2930,140801040801,1.2634300,3
2931,140801040802,0.0167994,3
2932,140801040803,3.2485700,3
2933,140801040804,1.6795100,3
2934,140801040901,1.1786600,5
2935,140801040902,2.7692599,2
2936,140801040903,2.9339499,5
2937,140801040904,1.2790000,5
2938,140801041001,0.0808618,2
2939,140801041002,1.0462600,5
2940,140801050101,0.2570260,3
2941,140801050102,3.9020300,3
2942,140801050103,0.3374970,2
2943,140801050104,0.5848240,2
2944,140801050105,3.1340899,3
2945,140801050106,0.6855540,3
2946,140801050107,1.4691000,3
2947,140801050108,1.6600600,3
2948,140801050109,2.5138400,4
2949,140801050110,2.4737401,4
2950,140801050201,0.4219290,3
2951,140801050202,1.8883100,4
2952,140801050203,0.5278530,4
2953,140801050301,0.0503748,2
2954,140801070102,1.4470299,4
2955,140801070103,1.8098201,4
2956,140801070104,2.2467599,4
2957,140801070105,0.7251440,3
2958,140801070106,0.5269620,3
2959,140801070107,0.7770760,3
2960,140801070108,2.1526301,4
2961,140801070201,1.1572500,4
2962,140801070202,0.6876430,4
2963,140801070203,0.3702020,3
2964,140801070204,0.9484160,4
2965,140801070205,0.4397790,4
2966,140801070206,0.2269140,4
2967,140801070207,0.3575600,3
2968,140801070208,0.6011060,4
2969,140801070209,2.0619700,5
2970,140801070210,0.8171010,3
2971,140801070211,0.1458000,2
2972,140801070212,1.3674200,5
2973,140801070301,5.7082100,5
2974,140801070302,0.1958600,3
2975,140801070303,2.6500299,3
2976,140801070304,1.6835500,3
2977,140801070305,1.5615700,5
2978,140801070306,0.8132270,5
2979,140801070307,0.0892403,2
2980,140801070308,2.8970799,5
2981,140801070310,0.0185994,3
2982,140801070311,2.0795901,5
2983,140802010202,0.0318833,4
2984,140802010205,1.8939900,7
2985,140802010207,3.4057100,3
2986,140802010208,1.6643400,4
2987,140802010209,0.0049746,2
2988,140802010210,0.0321081,4
2989,140802020101,4.1813698,3
2990,140802020102,1.3253900,4
2991,140802020103,1.7331899,4
2992,140802020104,1.7059100,4
2993,140802020105,3.2428801,4
2994,140802020106,1.8394001,5
2995,140802020201,0.1608950,3
2996,140802020202,1.8110600,4
2997,140802020203,0.2668580,2
2998,140802020204,0.9517670,3
2999,140802020205,0.3559600,4
3000,140802020206,1.9080499,4
3001,140802020207,0.0195991,2
3002,140802020208,1.5906399,4
3003,140802020209,2.2717299,4
3004,140802020210,1.4345100,4
3005,140802020301,1.5787400,5
3006,140802020302,1.3438801,5
3007,140802020303,1.8708700,5
3008,140802020304,1.4408300,5
3009,140802020305,2.5166600,5
3010,140802020403,0.0009474,5
3011,140802030201,1.3223300,3
3012,140802030202,0.0743706,4
3013,140802030203,0.4698440,2
3014,140802030204,0.7221210,4
3015,140802030301,0.2227140,3
3016,140802030302,0.8859500,3
3017,140802030303,0.1406360,3
3018,140802030401,0.0034851,4
3019,140802030402,0.4542310,4
3020,140802030403,0.6015650,3
3021,140802030404,1.0188299,4
3022,140802030405,1.6761800,4
3023,140802030406,1.0462300,4
3024,140802030407,0.8396790,2